<?xml version="1.0" encoding="UTF-8"?>
<objects serializationModel="Studio.01.10.00">
    <object class="SnapshotList" id="{74692471-3aff-4e3c-abb8-e4519617993e}">
        <relationship name="items">
            <destination>{35a38d70-5255-4def-a24c-38d4b432bc7b}</destination>
            <destination>{5b5b6aa0-ca7b-4149-acc6-8e39d8e40cf9}</destination>
            <destination>{e45a0ce7-66cd-46e7-87bd-f403fd07c6f4}</destination>
            <destination>{bce88c97-680c-409d-8ebe-a1133d014d9b}</destination>
            <destination>{c2361c39-b90d-4bc4-b168-c4134201a468}</destination>
            <destination>{69755b6c-ec19-4fd8-8db3-3cd08aaf87a1}</destination>
            <destination>{b3536257-a5f6-4424-92c2-c1b2dda22d72}</destination>
            <destination>{4c5628e7-adc7-4f0e-a060-82a919c16948}</destination>
            <destination>{34a72406-5330-4cd8-a826-a00d559a0b2e}</destination>
            <destination>{36956a3c-c731-43e9-903e-598f3ec922a0}</destination>
            <destination>{1ab40160-5839-4d5b-8b1d-e0a6bd83347d}</destination>
            <destination>{8a7f5b1b-7f61-4772-bd14-7de5aafbd44a}</destination>
            <destination>{481f2201-8ce0-43b2-9f3a-bc51cb2b1de2}</destination>
            <destination>{259cebd0-0338-4527-9b41-af852a325cd1}</destination>
            <destination>{05fa7a5e-2a5c-4750-944c-ed3ea46c2e64}</destination>
            <destination>{a946aeab-8328-4a84-a58c-4e76700c32a8}</destination>
            <destination>{386f6f68-a0da-4c9c-a51a-5aa8d8deea46}</destination>
            <destination>{d291d0c2-7bdd-422a-99bf-a003c76aebde}</destination>
            <destination>{93cf42c4-26a2-4f75-bd42-8ad29455d171}</destination>
            <destination>{19948c40-9c7c-4b8a-8dc8-66824fd99eb9}</destination>
            <destination>{51370088-3349-4bd9-8ef8-21e646482678}</destination>
            <destination>{3b704b9e-58b1-4522-8936-0f74cfca567e}</destination>
            <destination>{da7d5bb5-c1ec-43df-a92c-a2986bcb978f}</destination>
            <destination>{6b16607b-8e2f-4b79-a1e5-339e589e6919}</destination>
            <destination>{d8e12b32-0f5a-4897-8bde-7be2012a0924}</destination>
            <destination>{22902dd7-41fe-4617-9412-e928455e3d4b}</destination>
            <destination>{f2738ff2-989f-40bc-8421-a976ba8e49e2}</destination>
            <destination>{c6fa6b4e-5c95-4f3d-8616-385bc8e6f703}</destination>
            <destination>{061649d4-7a37-483d-bcd3-70793d8fcdb2}</destination>
            <destination>{ff3fc06e-952c-4407-97b1-4456dd2c786e}</destination>
            <destination>{1829469a-4c2d-4f04-a2b6-8a528987e9a9}</destination>
            <destination>{df897601-d549-4868-85a2-51ceca90b5df}</destination>
            <destination>{859952f9-2a6f-47b2-855b-7fdc9678c9f4}</destination>
            <destination>{2ef4067b-f330-40b8-ab59-15280643ba2d}</destination>
            <destination>{7ea9a03b-ea60-4a15-be33-26a7a9423b63}</destination>
            <destination>{658d9ddb-30a9-4a55-bd62-d730d793ec83}</destination>
            <destination>{9ae549ff-5ba1-4ec1-aec8-ee17190a2d08}</destination>
            <destination>{45db5a63-5d6d-4c3c-9c0c-d9924542b762}</destination>
            <destination>{5955bc4d-e3b4-4663-a676-bdaf632c0d78}</destination>
            <destination>{d7b37724-ddad-4c78-8c4f-666046cb5309}</destination>
            <destination>{97b29aac-da8d-4a14-9aa1-8fbdc80d4672}</destination>
            <destination>{f14989bf-0210-48f2-88ab-45fb0c662318}</destination>
            <destination>{3a534bf9-d4cd-43ce-b2f1-a63b24452b46}</destination>
            <destination>{45a77b82-31db-4b49-84c5-c93bff634316}</destination>
            <destination>{b0d8db78-996f-45db-ba9e-85f1dcb6b3fd}</destination>
            <destination>{973c602d-8504-457b-853f-43107629197b}</destination>
            <destination>{1125cef8-d475-441c-b76b-fe4bdb43aa42}</destination>
            <destination>{03db7333-40ef-44fe-83cb-7e650abdb49c}</destination>
        </relationship>
        <relationship name="mixer">
            <destination>{db79e933-20fe-4a59-9eb7-c846ebaf1cbe}</destination>
        </relationship>
    </object>
</objects>
