<?xml version="1.0" encoding="UTF-8"?>
<objects serializationModel="Studio.01.10.00">
    <object class="SnapshotGroup" id="{d291d0c2-7bdd-422a-99bf-a003c76aebde}">
        <property name="name">
            <value>assist_game_speed</value>
        </property>
        <relationship name="folder">
            <destination>{74692471-3aff-4e3c-abb8-e4519617993e}</destination>
        </relationship>
        <relationship name="items">
            <destination>{df75cc48-86f4-4adf-91d7-d50d708f5c75}</destination>
            <destination>{feedddf6-0cfd-4e09-bd66-d1259261651e}</destination>
            <destination>{4d899a40-a5f6-4ea0-ae36-1f5b15238747}</destination>
            <destination>{ab9f20ac-e1fa-4ed7-9d7c-19ad254a2d28}</destination>
            <destination>{434bc162-0111-4667-a5bd-a5327b21e422}</destination>
        </relationship>
    </object>
</objects>
