<?xml version="1.0" encoding="UTF-8"?>
<objects serializationModel="Studio.01.10.00">
    <object class="SnapshotGroup" id="{d7b37724-ddad-4c78-8c4f-666046cb5309}">
        <property name="name">
            <value>berry_cooperation</value>
        </property>
        <relationship name="folder">
            <destination>{74692471-3aff-4e3c-abb8-e4519617993e}</destination>
        </relationship>
        <relationship name="items">
            <destination>{d7f19e36-26eb-4630-a934-9f2f1924e3ee}</destination>
            <destination>{85104a93-1b84-443c-b44b-034b2aaa643b}</destination>
            <destination>{641d4a72-8e6e-41a8-8f3d-b28219bd4cd7}</destination>
            <destination>{365efe2d-29e7-4d45-988e-451406863f9a}</destination>
            <destination>{1aa61ee8-68fc-4c62-9a54-35743044bafe}</destination>
        </relationship>
    </object>
</objects>
