<?xml version="1.0" encoding="UTF-8"?>
<objects serializationModel="Studio.01.10.00">
    <object class="SnapshotGroup" id="{ff3fc06e-952c-4407-97b1-4456dd2c786e}">
        <property name="name">
            <value>variant_speed</value>
        </property>
        <relationship name="folder">
            <destination>{74692471-3aff-4e3c-abb8-e4519617993e}</destination>
        </relationship>
        <relationship name="items">
            <destination>{401f67f5-af7d-4b5d-a7fd-e7d30583a9a8}</destination>
            <destination>{3637f3f7-d1d0-495f-beea-8e13fb5cc4a8}</destination>
            <destination>{a7e8f688-585b-4660-a43e-60875c42921a}</destination>
        </relationship>
    </object>
</objects>
