<?xml version="1.0" encoding="UTF-8"?>
<objects serializationModel="Studio.01.10.00">
    <object class="ParameterPreset" id="{03964858-2d28-436f-91ca-014de2991d8d}">
        <property name="name">
            <value>ahdsr_controller</value>
        </property>
        <relationship name="folder">
            <destination>{e9ecbbf5-776c-4bd8-8002-47eb88fff955}</destination>
        </relationship>
        <relationship name="parameter">
            <destination>{9c51590a-dac6-41aa-b931-c2bda99a7bfb}</destination>
        </relationship>
    </object>
    <object class="GameParameter" id="{9c51590a-dac6-41aa-b931-c2bda99a7bfb}">
        <property name="initialValue">
            <value>0</value>
        </property>
        <relationship name="modulators">
            <destination>{12a14f42-ec20-44a4-a953-3b837e9e20de}</destination>
        </relationship>
    </object>
    <object class="ADSRModulator" id="{12a14f42-ec20-44a4-a953-3b837e9e20de}">
        <property name="nameOfPropertyBeingModulated">
            <value>cursorPosition</value>
        </property>
        <property name="attackTime">
            <value>0</value>
        </property>
        <property name="peakValue">
            <value>100</value>
        </property>
        <property name="decayTime">
            <value>775.641113</value>
        </property>
        <property name="sustainValue">
            <value>100</value>
        </property>
        <property name="releaseTime">
            <value>5000</value>
        </property>
    </object>
</objects>
