<?xml version="1.0" encoding="UTF-8"?>
<objects serializationModel="Studio.01.10.00">
    <object class="ParameterPreset" id="{03a401fe-7ddc-0b3c-3fec-8b0e2e981fce}">
        <property name="name">
            <value>layer2</value>
        </property>
        <relationship name="folder">
            <destination>{78907a46-8655-4595-9da8-58dde8625d5c}</destination>
        </relationship>
        <relationship name="parameter">
            <destination>{43a0c75e-f556-483b-884f-48b4dc13dc6f}</destination>
        </relationship>
    </object>
    <object class="GameParameter" id="{43a0c75e-f556-483b-884f-48b4dc13dc6f}">
        <property name="initialValue">
            <value>1</value>
        </property>
        <property name="seekSpeed">
            <value>4</value>
        </property>
        <property name="isExposedRecursively">
            <value>false</value>
        </property>
    </object>
</objects>
