<?xml version="1.0" encoding="UTF-8"?>
<objects serializationModel="Studio.01.10.00">
    <object class="ParameterPreset" id="{06401f00-79b7-47ee-80f9-41eca74ace10}">
        <property name="name">
            <value>gem_distance</value>
        </property>
        <relationship name="folder">
            <destination>{a92a2ce4-c0f5-4788-8443-7861e7072739}</destination>
        </relationship>
        <relationship name="parameter">
            <destination>{5203d2e0-8720-4587-9492-6df9925e161f}</destination>
        </relationship>
    </object>
    <object class="GameParameter" id="{5203d2e0-8720-4587-9492-6df9925e161f}">
        <property name="parameterType">
            <value>1</value>
        </property>
        <property name="maximum">
            <value>700</value>
        </property>
        <property name="initialValue">
            <value>0</value>
        </property>
        <property name="isExposedRecursively">
            <value>false</value>
        </property>
    </object>
</objects>
