<?xml version="1.0" encoding="UTF-8"?>
<objects serializationModel="Studio.01.10.00">
    <object class="ParameterPreset" id="{0ace4b00-ac52-4563-909c-445ee3c2de24}">
        <property name="name">
            <value>room_state</value>
        </property>
        <relationship name="folder">
            <destination>{53e7ae9c-4ef0-4b39-bf84-bbdc96694d59}</destination>
        </relationship>
        <relationship name="parameter">
            <destination>{6bbd240f-a31a-408b-8b46-67649a935665}</destination>
        </relationship>
    </object>
    <object class="GameParameter" id="{6bbd240f-a31a-408b-8b46-67649a935665}">
        <property name="initialValue">
            <value>0</value>
        </property>
        <property name="seekSpeed">
            <value>2</value>
        </property>
    </object>
</objects>
