<?xml version="1.0" encoding="UTF-8"?>
<objects serializationModel="Studio.01.10.00">
    <object class="ParameterPreset" id="{0be7ce31-213c-093f-11ec-d6bdb28f8878}">
        <property name="name">
            <value>layer1</value>
        </property>
        <relationship name="folder">
            <destination>{288e1059-94b2-40ea-bc55-2cf785d84f36}</destination>
        </relationship>
        <relationship name="parameter">
            <destination>{4be30891-a9b6-4a38-a64f-150740044bd9}</destination>
        </relationship>
    </object>
    <object class="GameParameter" id="{4be30891-a9b6-4a38-a64f-150740044bd9}">
        <property name="initialValue">
            <value>0</value>
        </property>
        <property name="seekSpeed">
            <value>0.75</value>
        </property>
        <property name="isExposedRecursively">
            <value>false</value>
        </property>
    </object>
</objects>
