<?xml version="1.0" encoding="UTF-8"?>
<objects serializationModel="Studio.01.10.00">
    <object class="ParameterPreset" id="{11482d02-d5aa-4bf7-8d61-59fbc8f425c5}">
        <property name="name">
            <value>basement</value>
        </property>
        <relationship name="folder">
            <destination>{ad562ef2-e38f-4e01-b71b-c75483879636}</destination>
        </relationship>
        <relationship name="parameter">
            <destination>{f017d087-0753-494e-97b5-7736d7e0cb58}</destination>
        </relationship>
    </object>
    <object class="GameParameter" id="{f017d087-0753-494e-97b5-7736d7e0cb58}">
        <property name="initialValue">
            <value>0</value>
        </property>
        <property name="seekSpeed">
            <value>2</value>
        </property>
    </object>
</objects>
