<?xml version="1.0" encoding="UTF-8"?>
<objects serializationModel="Studio.01.10.00">
    <object class="ParameterPreset" id="{11bcd262-3472-49ab-b352-5af3ae9fe139}">
        <property name="name">
            <value>feather_speed</value>
        </property>
        <relationship name="folder">
            <destination>{97f09c92-6f4a-4c9b-a7bc-44a7f5ca1e69}</destination>
        </relationship>
        <relationship name="parameter">
            <destination>{b0df5780-df24-46f5-aa0c-df955d226213}</destination>
        </relationship>
    </object>
    <object class="GameParameter" id="{b0df5780-df24-46f5-aa0c-df955d226213}">
        <property name="initialValue">
            <value>0</value>
        </property>
        <property name="seekSpeed">
            <value>3</value>
        </property>
    </object>
</objects>
