<?xml version="1.0" encoding="UTF-8"?>
<objects serializationModel="Studio.01.10.00">
    <object class="ParameterPreset" id="{153970c8-2b86-477c-9df4-4b456d46bbef}">
        <property name="name">
            <value>gondola_idle</value>
        </property>
        <relationship name="folder">
            <destination>{82ea2866-6330-48ea-a216-e13fc29a5fd2}</destination>
        </relationship>
        <relationship name="parameter">
            <destination>{f6566be5-a474-4215-af3f-7d62e9515b30}</destination>
        </relationship>
    </object>
    <object class="GameParameter" id="{f6566be5-a474-4215-af3f-7d62e9515b30}">
        <property name="initialValue">
            <value>0</value>
        </property>
        <property name="seekSpeed">
            <value>0.11999999731779099</value>
        </property>
    </object>
</objects>
