<?xml version="1.0" encoding="UTF-8"?>
<objects serializationModel="Studio.01.10.00">
    <object class="ParameterPreset" id="{180b7a74-1715-467e-9583-f60b1e97d51a}">
        <property name="name">
            <value>layer6</value>
        </property>
        <relationship name="folder">
            <destination>{4f06ead0-64ec-4990-83fc-1dc4f1ee888f}</destination>
        </relationship>
        <relationship name="parameter">
            <destination>{88f7d347-95a9-4046-8e05-9b85d1cd313f}</destination>
        </relationship>
    </object>
    <object class="GameParameter" id="{88f7d347-95a9-4046-8e05-9b85d1cd313f}">
        <property name="initialValue">
            <value>0</value>
        </property>
        <property name="seekSpeed">
            <value>0.25</value>
        </property>
    </object>
</objects>
