<?xml version="1.0" encoding="UTF-8"?>
<objects serializationModel="Studio.01.10.00">
    <object class="ParameterPreset" id="{18436b44-31e5-0c0a-109b-2a6700b28292}">
        <property name="name">
            <value>layer2</value>
        </property>
        <relationship name="folder">
            <destination>{4f06ead0-64ec-4990-83fc-1dc4f1ee888f}</destination>
        </relationship>
        <relationship name="parameter">
            <destination>{5847ade4-b96f-4f0d-a738-e9ddf2394133}</destination>
        </relationship>
    </object>
    <object class="GameParameter" id="{5847ade4-b96f-4f0d-a738-e9ddf2394133}">
        <property name="initialValue">
            <value>0</value>
        </property>
        <property name="seekSpeed">
            <value>0.11999999731779099</value>
        </property>
        <property name="isExposedRecursively">
            <value>false</value>
        </property>
    </object>
</objects>
