<?xml version="1.0" encoding="UTF-8"?>
<objects serializationModel="Studio.01.10.00">
    <object class="ParameterPreset" id="{18bdf901-ef44-0d21-201b-ade6be9b2391}">
        <property name="name">
            <value>layer5</value>
        </property>
        <relationship name="folder">
            <destination>{4f06ead0-64ec-4990-83fc-1dc4f1ee888f}</destination>
        </relationship>
        <relationship name="parameter">
            <destination>{58b93fa1-67ce-4e26-97b8-6e5c4c10e030}</destination>
        </relationship>
    </object>
    <object class="GameParameter" id="{58b93fa1-67ce-4e26-97b8-6e5c4c10e030}">
        <property name="seekSpeed">
            <value>0.5</value>
        </property>
        <property name="isExposedRecursively">
            <value>false</value>
        </property>
    </object>
</objects>
