<?xml version="1.0" encoding="UTF-8"?>
<objects serializationModel="Studio.01.10.00">
    <object class="ParameterPreset" id="{1a249676-cd0b-454b-ab4b-1b59be6cd8ef}">
        <property name="name">
            <value>bird_grab</value>
        </property>
        <relationship name="folder">
            <destination>{0b776673-9343-4cc7-b5b2-c25cbc9a1728}</destination>
        </relationship>
        <relationship name="parameter">
            <destination>{6bb33d0f-c163-4a63-9dd6-d65cc2b98930}</destination>
        </relationship>
    </object>
    <object class="GameParameter" id="{6bb33d0f-c163-4a63-9dd6-d65cc2b98930}">
        <property name="initialValue">
            <value>0</value>
        </property>
    </object>
</objects>
