<?xml version="1.0" encoding="UTF-8"?>
<objects serializationModel="Studio.01.10.00">
    <object class="ParameterPreset" id="{1d1b6e01-5213-4fa7-bf7e-55c64d783efd}">
        <property name="name">
            <value>progress</value>
        </property>
        <relationship name="folder">
            <destination>{1f15aa83-7aa2-447b-846d-744327fce4d8}</destination>
        </relationship>
        <relationship name="parameter">
            <destination>{ae89ca56-971a-471c-8aa9-4765ac5933cb}</destination>
        </relationship>
    </object>
    <object class="GameParameter" id="{ae89ca56-971a-471c-8aa9-4765ac5933cb}">
        <property name="maximum">
            <value>3</value>
        </property>
        <property name="initialValue">
            <value>0</value>
        </property>
        <property name="seekSpeed">
            <value>0.5</value>
        </property>
    </object>
</objects>
