<?xml version="1.0" encoding="UTF-8"?>
<objects serializationModel="Studio.01.10.00">
    <object class="ParameterPreset" id="{1d935460-7c78-4a2d-b21c-4f12462fa728}">
        <property name="name">
            <value>progress</value>
        </property>
        <relationship name="folder">
            <destination>{4103dc01-e42e-45ec-abcc-d2309957e787}</destination>
        </relationship>
        <relationship name="parameter">
            <destination>{ae08734e-9300-44c8-89d7-fc71a7c4ce31}</destination>
        </relationship>
    </object>
    <object class="GameParameter" id="{ae08734e-9300-44c8-89d7-fc71a7c4ce31}">
        <property name="maximum">
            <value>3</value>
        </property>
        <property name="initialValue">
            <value>0</value>
        </property>
    </object>
</objects>
