<?xml version="1.0" encoding="UTF-8"?>
<objects serializationModel="Studio.01.10.00">
    <object class="ParameterPreset" id="{25ea493b-f227-0c53-051f-e674f70a7b69}">
        <property name="name">
            <value>on</value>
        </property>
        <relationship name="folder">
            <destination>{1f782391-2137-499b-8fc3-da5c2afb4867}</destination>
        </relationship>
        <relationship name="parameter">
            <destination>{65ee8f9b-7aad-4f54-b2bc-25ce0581b8c8}</destination>
        </relationship>
    </object>
    <object class="GameParameter" id="{65ee8f9b-7aad-4f54-b2bc-25ce0581b8c8}">
        <property name="isExposedRecursively">
            <value>false</value>
        </property>
    </object>
</objects>
