<?xml version="1.0" encoding="UTF-8"?>
<objects serializationModel="Studio.01.10.00">
    <object class="ParameterPreset" id="{2e73e59c-b58a-0d2e-12af-13217edaf0cb}">
        <property name="name">
            <value>boss_pitch</value>
        </property>
        <relationship name="folder">
            <destination>{0ed3ba43-3123-4c5d-a272-c1c8d979855d}</destination>
        </relationship>
        <relationship name="parameter">
            <destination>{6e77233c-3d00-4e29-a50c-d09b8c51336a}</destination>
        </relationship>
    </object>
    <object class="GameParameter" id="{6e77233c-3d00-4e29-a50c-d09b8c51336a}">
        <property name="isExposedRecursively">
            <value>false</value>
        </property>
    </object>
</objects>
