<?xml version="1.0" encoding="UTF-8"?>
<objects serializationModel="Studio.01.10.00">
    <object class="ParameterPreset" id="{30c6b14c-cb38-4a21-b2f4-4b2c0878ce9f}">
        <property name="name">
            <value>layer3</value>
        </property>
        <relationship name="folder">
            <destination>{6c6014bb-5b69-406c-aec9-dfacf5c2eb30}</destination>
        </relationship>
        <relationship name="parameter">
            <destination>{a8d734d1-ba4f-4501-9b5f-e444862daf8c}</destination>
        </relationship>
    </object>
    <object class="GameParameter" id="{a8d734d1-ba4f-4501-9b5f-e444862daf8c}">
        <property name="initialValue">
            <value>0</value>
        </property>
        <property name="seekSpeed">
            <value>0.25</value>
        </property>
    </object>
</objects>
