<?xml version="1.0" encoding="UTF-8"?>
<objects serializationModel="Studio.01.10.00">
    <object class="ParameterPreset" id="{32ab8664-eedd-463a-bec4-90a144eb6a11}">
        <property name="name">
            <value>chaser_count</value>
        </property>
        <relationship name="folder">
            <destination>{c04f4d65-5091-4fba-9b01-64ac7b8d0625}</destination>
        </relationship>
        <relationship name="parameter">
            <destination>{c63c580d-6ab2-4cb0-a646-a97f8e4e02d3}</destination>
        </relationship>
    </object>
    <object class="GameParameter" id="{c63c580d-6ab2-4cb0-a646-a97f8e4e02d3}">
        <property name="maximum">
            <value>4</value>
        </property>
        <property name="initialValue">
            <value>0</value>
        </property>
    </object>
</objects>
