<?xml version="1.0" encoding="UTF-8"?>
<objects serializationModel="Studio.01.10.00">
    <object class="ParameterPreset" id="{32cfe4a3-9435-49d3-8ad3-482714aa298e}">
        <property name="name">
            <value>rising</value>
        </property>
        <relationship name="folder">
            <destination>{53e7ae9c-4ef0-4b39-bf84-bbdc96694d59}</destination>
        </relationship>
        <relationship name="parameter">
            <destination>{ad88fca0-0eed-421b-962c-025c4b7db288}</destination>
        </relationship>
    </object>
    <object class="GameParameter" id="{ad88fca0-0eed-421b-962c-025c4b7db288}">
        <property name="initialValue">
            <value>0</value>
        </property>
        <property name="seekSpeed">
            <value>2</value>
        </property>
    </object>
</objects>
