<?xml version="1.0" encoding="UTF-8"?>
<objects serializationModel="Studio.01.10.00">
    <object class="ParameterPreset" id="{33f32b63-98be-41fe-bfaf-472008989b3f}">
        <property name="name">
            <value>deep</value>
        </property>
        <relationship name="folder">
            <destination>{1380e0e3-f14c-483a-9120-f572cc9146be}</destination>
        </relationship>
        <relationship name="parameter">
            <destination>{5a836846-a82e-4da1-87e7-dd7c6259d282}</destination>
        </relationship>
    </object>
    <object class="GameParameter" id="{5a836846-a82e-4da1-87e7-dd7c6259d282}">
        <property name="initialValue">
            <value>0</value>
        </property>
    </object>
</objects>
