<?xml version="1.0" encoding="UTF-8"?>
<objects serializationModel="Studio.01.10.00">
    <object class="ParameterPreset" id="{340b3a61-10fb-064a-1a10-a82c6f2ea980}">
        <property name="name">
            <value>release</value>
        </property>
        <relationship name="folder">
            <destination>{c93fa46b-cb96-4362-96d2-ad8f92c49a62}</destination>
        </relationship>
        <relationship name="parameter">
            <destination>{740ffcc1-9871-454d-adb3-6b969da56a21}</destination>
        </relationship>
    </object>
    <object class="GameParameter" id="{740ffcc1-9871-454d-adb3-6b969da56a21}">
        <property name="isExposedRecursively">
            <value>false</value>
        </property>
    </object>
</objects>
