<?xml version="1.0" encoding="UTF-8"?>
<objects serializationModel="Studio.01.10.00">
    <object class="ParameterPreset" id="{344d3596-2718-4ef4-b04b-fd8418703f37}">
        <property name="name">
            <value>flight_angle</value>
        </property>
        <relationship name="folder">
            <destination>{0b776673-9343-4cc7-b5b2-c25cbc9a1728}</destination>
        </relationship>
        <relationship name="parameter">
            <destination>{1c52c02d-fe9d-40eb-8f32-45930d12c8a4}</destination>
        </relationship>
    </object>
    <object class="GameParameter" id="{1c52c02d-fe9d-40eb-8f32-45930d12c8a4}">
        <property name="maximum">
            <value>360</value>
        </property>
        <property name="initialValue">
            <value>0</value>
        </property>
    </object>
</objects>
