<?xml version="1.0" encoding="UTF-8"?>
<objects serializationModel="Studio.01.10.00">
    <object class="ParameterPreset" id="{35691552-9011-0c3b-07b9-7c939b4ac293}">
        <property name="name">
            <value>escape</value>
        </property>
        <relationship name="folder">
            <destination>{c2beee1a-ec62-4caa-9fe8-a2712da69526}</destination>
        </relationship>
        <relationship name="parameter">
            <destination>{756dd3f2-189b-4f3c-b01a-bf2969c10132}</destination>
        </relationship>
    </object>
    <object class="GameParameter" id="{756dd3f2-189b-4f3c-b01a-bf2969c10132}">
        <property name="seekSpeed">
            <value>0.25</value>
        </property>
        <property name="seekSpeedDescending">
            <value>5</value>
        </property>
        <property name="seekSpeedAsymmetric">
            <value>true</value>
        </property>
        <property name="isExposedRecursively">
            <value>false</value>
        </property>
    </object>
</objects>
