<?xml version="1.0" encoding="UTF-8"?>
<objects serializationModel="Studio.01.10.00">
    <object class="ParameterPreset" id="{3d21a31a-0c3b-47f1-b8af-efe041af30cb}">
        <property name="name">
            <value>quit</value>
        </property>
        <relationship name="folder">
            <destination>{0b776673-9343-4cc7-b5b2-c25cbc9a1728}</destination>
        </relationship>
        <relationship name="parameter">
            <destination>{c4be0c78-5f74-4c4e-aedd-80e6928ec930}</destination>
        </relationship>
    </object>
    <object class="GameParameter" id="{c4be0c78-5f74-4c4e-aedd-80e6928ec930}">
        <property name="initialValue">
            <value>0</value>
        </property>
    </object>
</objects>
