<?xml version="1.0" encoding="UTF-8"?>
<objects serializationModel="Studio.01.10.00">
    <object class="ParameterPreset" id="{3f306a9e-4e58-4709-82d8-6d74481bd3fb}">
        <property name="name">
            <value>if_bubble</value>
        </property>
        <relationship name="folder">
            <destination>{b92d0be6-39ed-0fcf-2bc0-eaf6e69cafd8}</destination>
        </relationship>
        <relationship name="parameter">
            <destination>{14302477-b631-4468-b7df-5e8d1b6b88ad}</destination>
        </relationship>
    </object>
    <object class="GameParameter" id="{14302477-b631-4468-b7df-5e8d1b6b88ad}">
        <property name="initialValue">
            <value>0</value>
        </property>
    </object>
</objects>
