<?xml version="1.0" encoding="UTF-8"?>
<objects serializationModel="Studio.01.10.00">
    <object class="ParameterPreset" id="{422b1769-9d45-40e5-9ea6-97829ac10425}">
        <property name="name">
            <value>dialogue_end</value>
        </property>
        <relationship name="folder">
            <destination>{6b41bf4d-dc6a-4703-926c-c6f3e1a142fa}</destination>
        </relationship>
        <relationship name="parameter">
            <destination>{27a7fc7c-a488-44e6-b261-74b0a8c1bc39}</destination>
        </relationship>
    </object>
    <object class="GameParameter" id="{27a7fc7c-a488-44e6-b261-74b0a8c1bc39}">
        <property name="initialValue">
            <value>0</value>
        </property>
    </object>
</objects>
