<?xml version="1.0" encoding="UTF-8"?>
<objects serializationModel="Studio.01.10.00">
    <object class="ParameterPreset" id="{45751e81-12f6-45a6-87fc-0a00eb05a843}">
        <property name="name">
            <value>shrine</value>
        </property>
        <relationship name="folder">
            <destination>{baa27422-6f87-4cf2-af1d-f8a5b7f6d9d0}</destination>
        </relationship>
        <relationship name="parameter">
            <destination>{32044742-578e-48ee-9f23-e8db82cb1f1a}</destination>
        </relationship>
    </object>
    <object class="GameParameter" id="{32044742-578e-48ee-9f23-e8db82cb1f1a}">
        <property name="initialValue">
            <value>0</value>
        </property>
        <property name="seekSpeed">
            <value>2</value>
        </property>
    </object>
</objects>
