<?xml version="1.0" encoding="UTF-8"?>
<objects serializationModel="Studio.01.10.00">
    <object class="ParameterPreset" id="{4806a352-909a-05af-0a42-84e4c9977922}">
        <property name="name">
            <value>layer3</value>
        </property>
        <relationship name="folder">
            <destination>{288e1059-94b2-40ea-bc55-2cf785d84f36}</destination>
        </relationship>
        <relationship name="parameter">
            <destination>{080265f2-1810-46a8-bde1-475e3b1cba83}</destination>
        </relationship>
    </object>
    <object class="GameParameter" id="{080265f2-1810-46a8-bde1-475e3b1cba83}">
        <property name="initialValue">
            <value>0</value>
        </property>
        <property name="seekSpeed">
            <value>0.20000000298023224</value>
        </property>
        <property name="seekSpeedDescending">
            <value>0.10999999940395355</value>
        </property>
        <property name="seekSpeedAsymmetric">
            <value>true</value>
        </property>
        <property name="isExposedRecursively">
            <value>false</value>
        </property>
    </object>
</objects>
