<?xml version="1.0" encoding="UTF-8"?>
<objects serializationModel="Studio.01.10.00">
    <object class="ParameterPreset" id="{48f5fce4-4355-4f3b-9b1b-c9f286b55e3f}">
        <property name="name">
            <value>assist_progress</value>
        </property>
        <relationship name="folder">
            <destination>{591b9b3a-30ed-45f1-8f85-42fc357906a1}</destination>
        </relationship>
        <relationship name="parameter">
            <destination>{804b7cf9-4c90-4725-b9d8-6688dcfa0d8b}</destination>
        </relationship>
    </object>
    <object class="GameParameter" id="{804b7cf9-4c90-4725-b9d8-6688dcfa0d8b}">
        <property name="maximum">
            <value>6</value>
        </property>
        <property name="initialValue">
            <value>0</value>
        </property>
    </object>
</objects>
