<?xml version="1.0" encoding="UTF-8"?>
<objects serializationModel="Studio.01.10.00">
    <object class="ParameterPreset" id="{49ed2da7-e168-4637-acd6-94feb1db0ad6}">
        <property name="name">
            <value>ducking</value>
        </property>
        <relationship name="folder">
            <destination>{2beee669-88c8-4ef5-8147-103575e07791}</destination>
        </relationship>
        <relationship name="parameter">
            <destination>{0f3a21e0-5957-476c-b3d4-b6b4c76eeb9f}</destination>
        </relationship>
    </object>
    <object class="GameParameter" id="{0f3a21e0-5957-476c-b3d4-b6b4c76eeb9f}">
        <property name="initialValue">
            <value>0</value>
        </property>
        <property name="seekSpeed">
            <value>4</value>
        </property>
    </object>
</objects>
