<?xml version="1.0" encoding="UTF-8"?>
<objects serializationModel="Studio.01.10.00">
    <object class="ParameterPreset" id="{4c432493-06b1-4927-8543-7aed75b4bfe8}">
        <property name="name">
            <value>crystal_velocity</value>
        </property>
        <relationship name="folder">
            <destination>{8b1fff6e-643a-4742-96d9-e3c07aaafb75}</destination>
        </relationship>
        <relationship name="parameter">
            <destination>{993fd5b7-76b6-4b17-902b-e8d990c43bb5}</destination>
        </relationship>
    </object>
    <object class="GameParameter" id="{993fd5b7-76b6-4b17-902b-e8d990c43bb5}">
        <property name="initialValue">
            <value>0</value>
        </property>
    </object>
</objects>
