<?xml version="1.0" encoding="UTF-8"?>
<objects serializationModel="Studio.01.10.00">
    <object class="ParameterPreset" id="{4d2cabd3-16cc-0f7c-0eb2-40ef3d2ed51a}">
        <property name="name">
            <value>end</value>
        </property>
        <relationship name="folder">
            <destination>{6b41bf4d-dc6a-4703-926c-c6f3e1a142fa}</destination>
        </relationship>
        <relationship name="parameter">
            <destination>{0d286d73-9e46-4c7b-b911-8355cfa516bb}</destination>
        </relationship>
    </object>
    <object class="GameParameter" id="{0d286d73-9e46-4c7b-b911-8355cfa516bb}">
        <property name="isExposedRecursively">
            <value>false</value>
        </property>
    </object>
</objects>
