<?xml version="1.0" encoding="UTF-8"?>
<objects serializationModel="Studio.01.10.00">
    <object class="ParameterPreset" id="{5461c841-4d8b-4d1b-983b-b6346ab95f94}">
        <property name="name">
            <value>submerged</value>
        </property>
        <relationship name="folder">
            <destination>{97f09c92-6f4a-4c9b-a7bc-44a7f5ca1e69}</destination>
        </relationship>
        <relationship name="parameter">
            <destination>{f73cddf2-feb1-4e23-8b22-0ba8b656fbb9}</destination>
        </relationship>
    </object>
    <object class="GameParameter" id="{f73cddf2-feb1-4e23-8b22-0ba8b656fbb9}">
        <property name="initialValue">
            <value>0</value>
        </property>
        <property name="seekSpeed">
            <value>4</value>
        </property>
    </object>
</objects>
