<?xml version="1.0" encoding="UTF-8"?>
<objects serializationModel="Studio.01.10.00">
    <object class="ParameterPreset" id="{54d6d780-1699-4b5b-9609-b7ec5f24437b}">
        <property name="name">
            <value>remix</value>
        </property>
        <relationship name="folder">
            <destination>{e556edf7-d856-4f1b-b347-c02c6f5e3d74}</destination>
        </relationship>
        <relationship name="parameter">
            <destination>{2f99066b-48db-4e39-b9fd-3713ce25b8fa}</destination>
        </relationship>
    </object>
    <object class="GameParameter" id="{2f99066b-48db-4e39-b9fd-3713ce25b8fa}">
        <property name="maximum">
            <value>10</value>
        </property>
        <property name="initialValue">
            <value>0</value>
        </property>
    </object>
</objects>
