<?xml version="1.0" encoding="UTF-8"?>
<objects serializationModel="Studio.01.10.00">
    <object class="ParameterPreset" id="{59630fc1-9272-4e1f-b242-66b14223be78}">
        <property name="name">
            <value>Distance</value>
        </property>
        <relationship name="folder">
            <destination>{b92d0be6-39ed-0fcf-2bc0-eaf6e69cafd8}</destination>
        </relationship>
        <relationship name="parameter">
            <destination>{acaa8fae-d63f-418b-93a0-8c1d24aeea8a}</destination>
        </relationship>
    </object>
    <object class="GameParameter" id="{acaa8fae-d63f-418b-93a0-8c1d24aeea8a}">
        <property name="parameterType">
            <value>1</value>
        </property>
        <property name="maximum">
            <value>1000</value>
        </property>
        <property name="initialValue">
            <value>0</value>
        </property>
        <property name="isExposedRecursively">
            <value>false</value>
        </property>
    </object>
</objects>
