<?xml version="1.0" encoding="UTF-8"?>
<objects serializationModel="Studio.01.10.00">
    <object class="ParameterPreset" id="{5ac7a8a4-4d78-42b3-b21c-2cd6d31e7655}">
        <property name="name">
            <value>layer1</value>
        </property>
        <relationship name="folder">
            <destination>{6c6014bb-5b69-406c-aec9-dfacf5c2eb30}</destination>
        </relationship>
        <relationship name="parameter">
            <destination>{15843d9a-19d5-4ec3-94cb-6b11914348b2}</destination>
        </relationship>
    </object>
    <object class="GameParameter" id="{15843d9a-19d5-4ec3-94cb-6b11914348b2}">
        <property name="initialValue">
            <value>1</value>
        </property>
        <property name="seekSpeed">
            <value>0.25</value>
        </property>
    </object>
</objects>
