<?xml version="1.0" encoding="UTF-8"?>
<objects serializationModel="Studio.01.10.00">
    <object class="ParameterPreset" id="{5add7c7d-b137-0cc3-0e9e-7aebb1abe142}">
        <property name="name">
            <value>layer1</value>
        </property>
        <relationship name="folder">
            <destination>{c96c3ae8-9dfc-4c93-a273-e4ae8c84aef4}</destination>
        </relationship>
        <relationship name="parameter">
            <destination>{1ad9badd-39bd-4fc4-b93d-b951432022e3}</destination>
        </relationship>
    </object>
    <object class="GameParameter" id="{1ad9badd-39bd-4fc4-b93d-b951432022e3}">
        <property name="initialValue">
            <value>1</value>
        </property>
        <property name="seekSpeed">
            <value>0.25</value>
        </property>
        <property name="isExposedRecursively">
            <value>false</value>
        </property>
    </object>
</objects>
