<?xml version="1.0" encoding="UTF-8"?>
<objects serializationModel="Studio.01.10.00">
    <object class="ParameterPreset" id="{5eddea0d-e1ef-4108-8833-ade5d8ff6955}">
        <property name="name">
            <value>layer2</value>
        </property>
        <relationship name="folder">
            <destination>{eb3435aa-307f-4fd8-b690-c0acd105a348}</destination>
        </relationship>
        <relationship name="parameter">
            <destination>{7225d59f-6678-4833-8b79-792f76a45815}</destination>
        </relationship>
    </object>
    <object class="GameParameter" id="{7225d59f-6678-4833-8b79-792f76a45815}">
        <property name="initialValue">
            <value>0</value>
        </property>
        <property name="seekSpeed">
            <value>2</value>
        </property>
        <property name="seekSpeedDescending">
            <value>0.5</value>
        </property>
        <property name="seekSpeedAsymmetric">
            <value>true</value>
        </property>
    </object>
</objects>
