<?xml version="1.0" encoding="UTF-8"?>
<objects serializationModel="Studio.01.10.00">
    <object class="ParameterPreset" id="{69ea603f-290d-479c-8f7f-3edb74b5cfe5}">
        <property name="name">
            <value>glider_speed</value>
        </property>
        <relationship name="folder">
            <destination>{0b776673-9343-4cc7-b5b2-c25cbc9a1728}</destination>
        </relationship>
        <relationship name="parameter">
            <destination>{cea1f0a6-3412-4913-b809-b50f3f289f91}</destination>
        </relationship>
    </object>
    <object class="GameParameter" id="{cea1f0a6-3412-4913-b809-b50f3f289f91}">
        <property name="initialValue">
            <value>0</value>
        </property>
    </object>
</objects>
