<?xml version="1.0" encoding="UTF-8"?>
<objects serializationModel="Studio.01.10.00">
    <object class="ParameterPreset" id="{6c5d679a-f82b-4d15-9005-eb9498a0fe44}">
        <property name="name">
            <value>arrow_influence</value>
        </property>
        <relationship name="folder">
            <destination>{82ea2866-6330-48ea-a216-e13fc29a5fd2}</destination>
        </relationship>
        <relationship name="parameter">
            <destination>{76609bfd-ae0b-4560-84a2-001957c093c5}</destination>
        </relationship>
    </object>
    <object class="GameParameter" id="{76609bfd-ae0b-4560-84a2-001957c093c5}">
        <property name="minimum">
            <value>1</value>
        </property>
        <property name="maximum">
            <value>9</value>
        </property>
        <property name="initialValue">
            <value>1</value>
        </property>
    </object>
</objects>
