<?xml version="1.0" encoding="UTF-8"?>
<objects serializationModel="Studio.01.10.00">
    <object class="ParameterPreset" id="{6ca9545b-53da-0768-2088-e9d89d75d3e8}">
        <property name="name">
            <value>surface_index</value>
        </property>
        <relationship name="folder">
            <destination>{b10ce657-547c-43e7-9929-6f7aa736fe93}</destination>
        </relationship>
        <relationship name="parameter">
            <destination>{2cad92fb-db50-446f-972b-2a626ffe1049}</destination>
        </relationship>
    </object>
    <object class="GameParameter" id="{2cad92fb-db50-446f-972b-2a626ffe1049}">
        <property name="maximum">
            <value>50</value>
        </property>
        <property name="initialValue">
            <value>0</value>
        </property>
        <property name="isExposedRecursively">
            <value>false</value>
        </property>
    </object>
</objects>
