<?xml version="1.0" encoding="UTF-8"?>
<objects serializationModel="Studio.01.10.00">
    <object class="ParameterPreset" id="{6cbc2000-555e-447a-9d56-7a9add84e8d6}">
        <property name="name">
            <value>final_boost_ahdsr</value>
        </property>
        <relationship name="folder">
            <destination>{0b776673-9343-4cc7-b5b2-c25cbc9a1728}</destination>
        </relationship>
        <relationship name="parameter">
            <destination>{7c92faef-af0a-4c9e-a4ab-13aa3b7cf420}</destination>
        </relationship>
    </object>
    <object class="GameParameter" id="{7c92faef-af0a-4c9e-a4ab-13aa3b7cf420}">
        <property name="initialValue">
            <value>0</value>
        </property>
        <relationship name="modulators">
            <destination>{5e459563-8e37-44ce-9e81-87c9c19d747b}</destination>
        </relationship>
    </object>
    <object class="ADSRModulator" id="{5e459563-8e37-44ce-9e81-87c9c19d747b}">
        <property name="nameOfPropertyBeingModulated">
            <value>cursorPosition</value>
        </property>
        <property name="attackTime">
            <value>0</value>
        </property>
        <property name="peakValue">
            <value>100</value>
        </property>
        <property name="holdTime">
            <value>0</value>
        </property>
        <property name="decayTime">
            <value>0</value>
        </property>
        <property name="sustainValue">
            <value>100</value>
        </property>
        <property name="releaseTime">
            <value>5000</value>
        </property>
        <property name="releaseShape">
            <value>-0.463001132</value>
        </property>
    </object>
</objects>
