<?xml version="1.0" encoding="UTF-8"?>
<objects serializationModel="Studio.01.10.00">
    <object class="ParameterPreset" id="{7151d6cc-1973-453c-adf1-36d7c0e66e09}">
        <property name="name">
            <value>progress</value>
        </property>
        <relationship name="folder">
            <destination>{cffeed5b-74cd-495f-88ba-8feac4f76487}</destination>
        </relationship>
        <relationship name="parameter">
            <destination>{865e23a5-a32d-4038-9904-f91b34ca3db2}</destination>
        </relationship>
    </object>
    <object class="GameParameter" id="{865e23a5-a32d-4038-9904-f91b34ca3db2}">
        <property name="maximum">
            <value>7</value>
        </property>
        <property name="initialValue">
            <value>0</value>
        </property>
        <property name="seekSpeed">
            <value>0.5</value>
        </property>
    </object>
</objects>
