<?xml version="1.0" encoding="UTF-8"?>
<objects serializationModel="Studio.01.10.00">
    <object class="ParameterPreset" id="{7331841a-76d9-0072-00c7-48a49440bc98}">
        <property name="name">
            <value>layer1</value>
        </property>
        <relationship name="folder">
            <destination>{78907a46-8655-4595-9da8-58dde8625d5c}</destination>
        </relationship>
        <relationship name="parameter">
            <destination>{333542ba-fe53-4375-b764-8b1e66cb7f39}</destination>
        </relationship>
    </object>
    <object class="GameParameter" id="{333542ba-fe53-4375-b764-8b1e66cb7f39}">
        <property name="initialValue">
            <value>1</value>
        </property>
        <property name="seekSpeed">
            <value>4</value>
        </property>
        <property name="isExposedRecursively">
            <value>false</value>
        </property>
    </object>
</objects>
