<?xml version="1.0" encoding="UTF-8"?>
<objects serializationModel="Studio.01.10.00">
    <object class="ParameterPreset" id="{7e7edef8-0216-419a-a276-dc7c9470a1ac}">
        <property name="name">
            <value>count</value>
        </property>
        <relationship name="folder">
            <destination>{e556edf7-d856-4f1b-b347-c02c6f5e3d74}</destination>
        </relationship>
        <relationship name="parameter">
            <destination>{1e6abd90-5910-4642-b12b-37693ec5b473}</destination>
        </relationship>
    </object>
    <object class="GameParameter" id="{1e6abd90-5910-4642-b12b-37693ec5b473}">
        <property name="maximum">
            <value>6</value>
        </property>
        <property name="initialValue">
            <value>0</value>
        </property>
    </object>
</objects>
