<?xml version="1.0" encoding="UTF-8"?>
<objects serializationModel="Studio.01.10.00">
    <object class="ParameterPreset" id="{7ed7acea-979d-4b97-9409-dd3de14e5fed}">
        <property name="name">
            <value>debris_velocity</value>
        </property>
        <relationship name="folder">
            <destination>{82ea2866-6330-48ea-a216-e13fc29a5fd2}</destination>
        </relationship>
        <relationship name="parameter">
            <destination>{7c669acc-0b25-4383-a79d-2019cfae31cd}</destination>
        </relationship>
    </object>
    <object class="GameParameter" id="{7c669acc-0b25-4383-a79d-2019cfae31cd}">
        <property name="initialValue">
            <value>0</value>
        </property>
    </object>
</objects>
