<?xml version="1.0" encoding="UTF-8"?>
<objects serializationModel="Studio.01.10.00">
    <object class="ParameterPreset" id="{7ee7d4c1-b286-414a-937d-20535ee91ad0}">
        <property name="name">
            <value>layer3</value>
        </property>
        <relationship name="folder">
            <destination>{bafbaa7b-0ff3-434a-b38d-38a1ff2ac854}</destination>
        </relationship>
        <relationship name="parameter">
            <destination>{bc0ba163-afe7-45c2-94e1-29f73dd21f7c}</destination>
        </relationship>
    </object>
    <object class="GameParameter" id="{bc0ba163-afe7-45c2-94e1-29f73dd21f7c}">
        <property name="initialValue">
            <value>0</value>
        </property>
        <property name="seekSpeed">
            <value>5</value>
        </property>
    </object>
</objects>
