<?xml version="1.0" encoding="UTF-8"?>
<objects serializationModel="Studio.01.10.00">
    <object class="ParameterPreset" id="{8109eb8e-acf5-01c5-14b4-5cccf2c7ee53}">
        <property name="name">
            <value>underwater</value>
        </property>
        <relationship name="folder">
            <destination>{161e5ab3-2185-4f67-8b69-f4174dee857d}</destination>
        </relationship>
        <relationship name="parameter">
            <destination>{c10d2d2e-247f-42c2-a317-9f76004c2df2}</destination>
        </relationship>
    </object>
    <object class="GameParameter" id="{c10d2d2e-247f-42c2-a317-9f76004c2df2}">
        <property name="seekSpeed">
            <value>5</value>
        </property>
        <property name="seekSpeedDescending">
            <value>1.5</value>
        </property>
        <property name="seekSpeedAsymmetric">
            <value>true</value>
        </property>
        <property name="isExposedRecursively">
            <value>false</value>
        </property>
    </object>
</objects>
