<?xml version="1.0" encoding="UTF-8"?>
<objects serializationModel="Studio.01.10.00">
    <object class="ParameterPreset" id="{8173af93-6612-0927-2073-fe9f0d546c9b}">
        <property name="name">
            <value>calm</value>
        </property>
        <relationship name="folder">
            <destination>{1e88ac29-4751-46ba-b698-fa5b0fd8b017}</destination>
        </relationship>
        <relationship name="parameter">
            <destination>{c1776933-ee98-4a20-97d0-3d25ffdfaf3a}</destination>
        </relationship>
    </object>
    <object class="GameParameter" id="{c1776933-ee98-4a20-97d0-3d25ffdfaf3a}">
        <property name="initialValue">
            <value>1</value>
        </property>
        <property name="seekSpeed">
            <value>0.11999999731779099</value>
        </property>
        <property name="isExposedRecursively">
            <value>false</value>
        </property>
    </object>
</objects>
