<?xml version="1.0" encoding="UTF-8"?>
<objects serializationModel="Studio.01.10.00">
    <object class="ParameterPreset" id="{86e77892-8057-478c-aa79-9ca0ae712f0e}">
        <property name="name">
            <value>kevinpc_distance</value>
        </property>
        <relationship name="folder">
            <destination>{0b776673-9343-4cc7-b5b2-c25cbc9a1728}</destination>
        </relationship>
        <relationship name="parameter">
            <destination>{67a179a5-828a-4f5e-a1ed-f2632657834a}</destination>
        </relationship>
    </object>
    <object class="GameParameter" id="{67a179a5-828a-4f5e-a1ed-f2632657834a}">
        <property name="parameterType">
            <value>1</value>
        </property>
        <property name="maximum">
            <value>600</value>
        </property>
        <property name="initialValue">
            <value>0</value>
        </property>
        <property name="isExposedRecursively">
            <value>false</value>
        </property>
    </object>
</objects>
