<?xml version="1.0" encoding="UTF-8"?>
<objects serializationModel="Studio.01.10.00">
    <object class="ParameterPreset" id="{8ab68707-35cf-424a-91f9-e49fc13463b4}">
        <property name="name">
            <value>postboss</value>
        </property>
        <relationship name="folder">
            <destination>{97f09c92-6f4a-4c9b-a7bc-44a7f5ca1e69}</destination>
        </relationship>
        <relationship name="parameter">
            <destination>{351071b9-bd3b-46a4-987b-b2f5888367f8}</destination>
        </relationship>
    </object>
    <object class="GameParameter" id="{351071b9-bd3b-46a4-987b-b2f5888367f8}">
        <property name="initialValue">
            <value>0</value>
        </property>
        <property name="seekSpeed">
            <value>4</value>
        </property>
        <property name="seekSpeedDescending">
            <value>0.33000001311302185</value>
        </property>
        <property name="seekSpeedAsymmetric">
            <value>true</value>
        </property>
    </object>
</objects>
