<?xml version="1.0" encoding="UTF-8"?>
<objects serializationModel="Studio.01.10.00">
    <object class="ParameterPreset" id="{8e65f0ea-8a8b-0abd-3880-410c52375872}">
        <property name="name">
            <value>fade</value>
        </property>
        <relationship name="folder">
            <destination>{70d62bbf-bac2-420e-8e98-a982308ad584}</destination>
        </relationship>
        <relationship name="parameter">
            <destination>{ce61364a-0201-49ba-8f23-82b6a0bc9bd3}</destination>
        </relationship>
    </object>
    <object class="GameParameter" id="{ce61364a-0201-49ba-8f23-82b6a0bc9bd3}">
        <property name="initialValue">
            <value>1</value>
        </property>
        <property name="seekSpeed">
            <value>5</value>
        </property>
        <property name="isExposedRecursively">
            <value>false</value>
        </property>
    </object>
</objects>
