<?xml version="1.0" encoding="UTF-8"?>
<objects serializationModel="Studio.01.10.00">
    <object class="ParameterPreset" id="{91b4cbe6-ee5b-0772-1124-9a5c307b96bd}">
        <property name="name">
            <value>layer3</value>
        </property>
        <relationship name="folder">
            <destination>{78907a46-8655-4595-9da8-58dde8625d5c}</destination>
        </relationship>
        <relationship name="parameter">
            <destination>{d1b00d46-66d1-4475-a687-59e6c2f0551c}</destination>
        </relationship>
    </object>
    <object class="GameParameter" id="{d1b00d46-66d1-4475-a687-59e6c2f0551c}">
        <property name="initialValue">
            <value>1</value>
        </property>
        <property name="seekSpeed">
            <value>4</value>
        </property>
        <property name="isExposedRecursively">
            <value>false</value>
        </property>
    </object>
</objects>
