<?xml version="1.0" encoding="UTF-8"?>
<objects serializationModel="Studio.01.10.00">
    <object class="ParameterPreset" id="{93b915a2-0b42-4423-b72c-8f04a3a537d6}">
        <property name="name">
            <value>escape</value>
        </property>
        <relationship name="folder">
            <destination>{70b162c1-a437-4def-a5e0-bdc0c7f8ab63}</destination>
        </relationship>
        <relationship name="parameter">
            <destination>{f6f275e5-d504-49a5-bad2-a4e8dd00f50a}</destination>
        </relationship>
    </object>
    <object class="GameParameter" id="{f6f275e5-d504-49a5-bad2-a4e8dd00f50a}">
        <property name="seekSpeed">
            <value>0.25</value>
        </property>
        <property name="seekSpeedDescending">
            <value>5</value>
        </property>
        <property name="seekSpeedAsymmetric">
            <value>true</value>
        </property>
        <property name="isExposedRecursively">
            <value>false</value>
        </property>
    </object>
</objects>
