<?xml version="1.0" encoding="UTF-8"?>
<objects serializationModel="Studio.01.10.00">
    <object class="ParameterPreset" id="{93b34384-0440-09aa-19f7-7e021cc9fccd}">
        <property name="name">
            <value>layer1</value>
        </property>
        <relationship name="folder">
            <destination>{bafbaa7b-0ff3-434a-b38d-38a1ff2ac854}</destination>
        </relationship>
        <relationship name="parameter">
            <destination>{d3b78524-8cca-4aad-ae54-bdb8ee423f6c}</destination>
        </relationship>
    </object>
    <object class="GameParameter" id="{d3b78524-8cca-4aad-ae54-bdb8ee423f6c}">
        <property name="initialValue">
            <value>1</value>
        </property>
        <property name="seekSpeed">
            <value>0.25</value>
        </property>
        <property name="seekSpeedDescending">
            <value>0.10000000149011612</value>
        </property>
        <property name="seekSpeedAsymmetric">
            <value>true</value>
        </property>
        <property name="isExposedRecursively">
            <value>false</value>
        </property>
    </object>
</objects>
