<?xml version="1.0" encoding="UTF-8"?>
<objects serializationModel="Studio.01.10.00">
    <object class="ParameterPreset" id="{942012ee-2022-41a2-b0d9-772a22d78d6b}">
        <property name="name">
            <value>arrow_stop</value>
        </property>
        <relationship name="folder">
            <destination>{82ea2866-6330-48ea-a216-e13fc29a5fd2}</destination>
        </relationship>
        <relationship name="parameter">
            <destination>{a8fb72e3-d271-4d5d-b1a1-a813d18266e4}</destination>
        </relationship>
    </object>
    <object class="GameParameter" id="{a8fb72e3-d271-4d5d-b1a1-a813d18266e4}">
        <property name="initialValue">
            <value>0</value>
        </property>
        <property name="seekSpeed">
            <value>2.5</value>
        </property>
        <property name="seekSpeedDescending">
            <value>4</value>
        </property>
        <property name="seekSpeedAsymmetric">
            <value>true</value>
        </property>
    </object>
</objects>
