<?xml version="1.0" encoding="UTF-8"?>
<objects serializationModel="Studio.01.10.00">
    <object class="ParameterPreset" id="{95c4b5a0-5c00-0368-2177-478b14152f5f}">
        <property name="name">
            <value>progress</value>
        </property>
        <relationship name="folder">
            <destination>{70b162c1-a437-4def-a5e0-bdc0c7f8ab63}</destination>
        </relationship>
        <relationship name="parameter">
            <destination>{d5c07300-d48a-406f-96d4-8431e69eecfe}</destination>
        </relationship>
    </object>
    <object class="GameParameter" id="{d5c07300-d48a-406f-96d4-8431e69eecfe}">
        <property name="maximum">
            <value>4</value>
        </property>
        <property name="initialValue">
            <value>1</value>
        </property>
        <property name="seekSpeed">
            <value>4</value>
        </property>
        <property name="isExposedRecursively">
            <value>false</value>
        </property>
    </object>
</objects>
