<?xml version="1.0" encoding="UTF-8"?>
<objects serializationModel="Studio.01.10.00">
    <object class="ParameterPreset" id="{9b1075d3-8dac-41e7-b2c2-483dfefee3fa}">
        <property name="name">
            <value>progress</value>
        </property>
        <relationship name="folder">
            <destination>{53e7ae9c-4ef0-4b39-bf84-bbdc96694d59}</destination>
        </relationship>
        <relationship name="parameter">
            <destination>{b560827b-997e-4252-82a8-f8966eaaf81d}</destination>
        </relationship>
    </object>
    <object class="GameParameter" id="{b560827b-997e-4252-82a8-f8966eaaf81d}">
        <property name="maximum">
            <value>3</value>
        </property>
        <property name="initialValue">
            <value>0</value>
        </property>
        <property name="seekSpeed">
            <value>1</value>
        </property>
    </object>
</objects>
