<?xml version="1.0" encoding="UTF-8"?>
<objects serializationModel="Studio.01.10.00">
    <object class="ParameterPreset" id="{a0d42e70-eeee-053a-2751-d8926e63af61}">
        <property name="name">
            <value>layer4</value>
        </property>
        <relationship name="folder">
            <destination>{1f8a93a9-af06-4712-9b07-b35637c50d28}</destination>
        </relationship>
        <relationship name="parameter">
            <destination>{e0d0e8d0-6664-463d-90f2-1b289ce86cc0}</destination>
        </relationship>
    </object>
    <object class="GameParameter" id="{e0d0e8d0-6664-463d-90f2-1b289ce86cc0}">
        <property name="seekSpeed">
            <value>1</value>
        </property>
        <property name="seekSpeedDescending">
            <value>0.5</value>
        </property>
        <property name="seekSpeedAsymmetric">
            <value>true</value>
        </property>
        <property name="isExposedRecursively">
            <value>false</value>
        </property>
    </object>
</objects>
