<?xml version="1.0" encoding="UTF-8"?>
<objects serializationModel="Studio.01.10.00">
    <object class="ParameterPreset" id="{a1749686-0fcb-0ced-23db-efbc95598002}">
        <property name="name">
            <value>layer2</value>
        </property>
        <relationship name="folder">
            <destination>{288e1059-94b2-40ea-bc55-2cf785d84f36}</destination>
        </relationship>
        <relationship name="parameter">
            <destination>{e1705026-8741-4fea-9478-2c0667d243a3}</destination>
        </relationship>
    </object>
    <object class="GameParameter" id="{e1705026-8741-4fea-9478-2c0667d243a3}">
        <property name="initialValue">
            <value>0</value>
        </property>
        <property name="seekSpeed">
            <value>0.75</value>
        </property>
        <property name="isExposedRecursively">
            <value>false</value>
        </property>
    </object>
</objects>
