<?xml version="1.0" encoding="UTF-8"?>
<objects serializationModel="Studio.01.10.00">
    <object class="ParameterPreset" id="{a2222ee2-b14f-4caa-b63f-e5cdc1217241}">
        <property name="name">
            <value>end</value>
        </property>
        <relationship name="folder">
            <destination>{f4633c9d-98b3-40bf-a30d-e725c51d4aae}</destination>
        </relationship>
        <relationship name="parameter">
            <destination>{a6626265-3a28-466b-8c51-f210b64c31dd}</destination>
        </relationship>
    </object>
    <object class="GameParameter" id="{a6626265-3a28-466b-8c51-f210b64c31dd}">
        <property name="initialValue">
            <value>0</value>
        </property>
    </object>
</objects>
