<?xml version="1.0" encoding="UTF-8"?>
<objects serializationModel="Studio.01.10.00">
    <object class="ParameterPreset" id="{a63cb335-a785-4473-a211-b6a709152f9e}">
        <property name="name">
            <value>progress</value>
        </property>
        <relationship name="folder">
            <destination>{eb3435aa-307f-4fd8-b690-c0acd105a348}</destination>
        </relationship>
        <relationship name="parameter">
            <destination>{42a013fb-1d56-42d6-988d-7f800e8c5bb4}</destination>
        </relationship>
    </object>
    <object class="GameParameter" id="{42a013fb-1d56-42d6-988d-7f800e8c5bb4}">
        <property name="maximum">
            <value>4</value>
        </property>
        <property name="initialValue">
            <value>0</value>
        </property>
        <property name="seekSpeed">
            <value>0.66666666666666663</value>
        </property>
    </object>
</objects>
