<?xml version="1.0" encoding="UTF-8"?>
<objects serializationModel="Studio.01.10.00">
    <object class="ParameterPreset" id="{a78047d9-5e26-4d26-ba19-8e243f4374fe}">
        <property name="name">
            <value>dash_direction</value>
        </property>
        <relationship name="folder">
            <destination>{97f09c92-6f4a-4c9b-a7bc-44a7f5ca1e69}</destination>
        </relationship>
        <relationship name="parameter">
            <destination>{9da92068-119b-4be1-b4ae-0a883d0cbc27}</destination>
        </relationship>
    </object>
    <object class="GameParameter" id="{9da92068-119b-4be1-b4ae-0a883d0cbc27}">
        <property name="minimum">
            <value>1</value>
        </property>
        <property name="maximum">
            <value>9</value>
        </property>
        <property name="initialValue">
            <value>1</value>
        </property>
    </object>
</objects>
