<?xml version="1.0" encoding="UTF-8"?>
<objects serializationModel="Studio.01.10.00">
    <object class="ParameterPreset" id="{a8659b10-3205-421c-943b-412c66d4de4c}">
        <property name="name">
            <value>eye_distance</value>
        </property>
        <relationship name="folder">
            <destination>{5bc6023a-6693-4ac8-874b-df5f18560028}</destination>
        </relationship>
        <relationship name="parameter">
            <destination>{d655a80f-cd90-4206-959c-1e9f527633f2}</destination>
        </relationship>
    </object>
    <object class="GameParameter" id="{d655a80f-cd90-4206-959c-1e9f527633f2}">
        <property name="initialValue">
            <value>1</value>
        </property>
        <property name="seekSpeed">
            <value>1</value>
        </property>
        <property name="seekSpeedDescending">
            <value>0.20000000298023224</value>
        </property>
        <property name="seekSpeedAsymmetric">
            <value>true</value>
        </property>
    </object>
</objects>
