<?xml version="1.0" encoding="UTF-8"?>
<objects serializationModel="Studio.01.10.00">
    <object class="ParameterPreset" id="{acbd11d9-a07a-4374-a3b1-b2e1b4a4cf6a}">
        <property name="name">
            <value>layer2</value>
        </property>
        <relationship name="folder">
            <destination>{6c6014bb-5b69-406c-aec9-dfacf5c2eb30}</destination>
        </relationship>
        <relationship name="parameter">
            <destination>{0022fd8d-c5e1-424a-bc50-60da7752712b}</destination>
        </relationship>
    </object>
    <object class="GameParameter" id="{0022fd8d-c5e1-424a-bc50-60da7752712b}">
        <property name="initialValue">
            <value>0</value>
        </property>
        <property name="seekSpeed">
            <value>0.25</value>
        </property>
    </object>
</objects>
