<?xml version="1.0" encoding="UTF-8"?>
<objects serializationModel="Studio.01.10.00">
    <object class="ParameterPreset" id="{af415770-7150-4f87-bca0-ddbc8811071c}">
        <property name="name">
            <value>layer1</value>
        </property>
        <relationship name="folder">
            <destination>{eb3435aa-307f-4fd8-b690-c0acd105a348}</destination>
        </relationship>
        <relationship name="parameter">
            <destination>{4632ff5f-4544-4bad-a75d-a32c9ce36f7d}</destination>
        </relationship>
    </object>
    <object class="GameParameter" id="{4632ff5f-4544-4bad-a75d-a32c9ce36f7d}">
        <property name="initialValue">
            <value>0</value>
        </property>
        <property name="seekSpeed">
            <value>2</value>
        </property>
        <property name="seekSpeedDescending">
            <value>0.5</value>
        </property>
        <property name="seekSpeedAsymmetric">
            <value>true</value>
        </property>
    </object>
</objects>
