<?xml version="1.0" encoding="UTF-8"?>
<objects serializationModel="Studio.01.10.00">
    <object class="ParameterPreset" id="{b596b2eb-2268-0e8c-206e-3db9a2b6f641}">
        <property name="name">
            <value>end</value>
        </property>
        <relationship name="folder">
            <destination>{78907a46-8655-4595-9da8-58dde8625d5c}</destination>
        </relationship>
        <relationship name="parameter">
            <destination>{f592744b-aae2-4d8b-97cd-fe03503d35e0}</destination>
        </relationship>
    </object>
    <object class="GameParameter" id="{f592744b-aae2-4d8b-97cd-fe03503d35e0}">
        <property name="seekSpeed">
            <value>0.20000000298023224</value>
        </property>
        <property name="isExposedRecursively">
            <value>false</value>
        </property>
    </object>
</objects>
