<?xml version="1.0" encoding="UTF-8"?>
<objects serializationModel="Studio.01.10.00">
    <object class="ParameterPreset" id="{bb197aa8-83cd-4ca6-9853-e250c86a2bd8}">
        <property name="name">
            <value>sixteenth_note</value>
        </property>
        <relationship name="folder">
            <destination>{f4633c9d-98b3-40bf-a30d-e725c51d4aae}</destination>
        </relationship>
        <relationship name="parameter">
            <destination>{c2b359ee-617f-49f2-a8bd-c627a9f4902b}</destination>
        </relationship>
    </object>
    <object class="GameParameter" id="{c2b359ee-617f-49f2-a8bd-c627a9f4902b}">
        <property name="minimum">
            <value>1</value>
        </property>
        <property name="maximum">
            <value>257</value>
        </property>
        <property name="initialValue">
            <value>1</value>
        </property>
    </object>
</objects>
