<?xml version="1.0" encoding="UTF-8"?>
<objects serializationModel="Studio.01.10.00">
    <object class="ParameterPreset" id="{bc202dbe-4cd7-4b3f-883d-d2e892c210bc}">
        <property name="name">
            <value>pico8_room</value>
        </property>
        <relationship name="folder">
            <destination>{ad562ef2-e38f-4e01-b71b-c75483879636}</destination>
        </relationship>
        <relationship name="parameter">
            <destination>{cc049787-360a-4a24-be02-a5e24c362a38}</destination>
        </relationship>
    </object>
    <object class="GameParameter" id="{cc049787-360a-4a24-be02-a5e24c362a38}">
        <property name="parameterType">
            <value>1</value>
        </property>
        <property name="maximum">
            <value>700</value>
        </property>
        <property name="initialValue">
            <value>0</value>
        </property>
        <property name="isExposedRecursively">
            <value>false</value>
        </property>
    </object>
</objects>
