<?xml version="1.0" encoding="UTF-8"?>
<objects serializationModel="Studio.01.10.00">
    <object class="ParameterPreset" id="{c0789f95-41cc-4cdb-afee-f200a4ffb7ca}">
        <property name="name">
            <value>has_conveyors</value>
        </property>
        <relationship name="folder">
            <destination>{53e7ae9c-4ef0-4b39-bf84-bbdc96694d59}</destination>
        </relationship>
        <relationship name="parameter">
            <destination>{8d4b9bf0-c0c4-48d0-b703-dcf7274a9ac7}</destination>
        </relationship>
    </object>
    <object class="GameParameter" id="{8d4b9bf0-c0c4-48d0-b703-dcf7274a9ac7}">
        <property name="initialValue">
            <value>0</value>
        </property>
        <property name="seekSpeed">
            <value>2</value>
        </property>
    </object>
</objects>
