<?xml version="1.0" encoding="UTF-8"?>
<objects serializationModel="Studio.01.10.00">
    <object class="ParameterPreset" id="{c0ea9423-6a5c-0a59-145e-3370c5463b1b}">
        <property name="name">
            <value>progress</value>
        </property>
        <relationship name="folder">
            <destination>{c8111af6-be08-4fc5-adde-330d0cc97ab4}</destination>
        </relationship>
        <relationship name="parameter">
            <destination>{80ee5283-e2d6-495e-a3fd-f0ca37cdf8ba}</destination>
        </relationship>
    </object>
    <object class="GameParameter" id="{80ee5283-e2d6-495e-a3fd-f0ca37cdf8ba}">
        <property name="minimum">
            <value>1</value>
        </property>
        <property name="maximum">
            <value>3</value>
        </property>
        <property name="seekSpeed">
            <value>4</value>
        </property>
        <property name="isExposedRecursively">
            <value>false</value>
        </property>
    </object>
</objects>
