<?xml version="1.0" encoding="UTF-8"?>
<objects serializationModel="Studio.01.10.00">
    <object class="ParameterPreset" id="{c2142687-0dc7-461d-b58a-efbbd2a8358e}">
        <property name="name">
            <value>progress</value>
        </property>
        <relationship name="folder">
            <destination>{a7f585ee-7447-431d-ba03-047e65556db0}</destination>
        </relationship>
        <relationship name="parameter">
            <destination>{28c04247-6281-4719-99f6-1badde7601bc}</destination>
        </relationship>
    </object>
    <object class="GameParameter" id="{28c04247-6281-4719-99f6-1badde7601bc}">
        <property name="maximum">
            <value>3</value>
        </property>
        <property name="initialValue">
            <value>0</value>
        </property>
        <property name="seekSpeed">
            <value>6</value>
        </property>
        <property name="isExposedRecursively">
            <value>false</value>
        </property>
    </object>
</objects>
