<?xml version="1.0" encoding="UTF-8"?>
<objects serializationModel="Studio.01.10.00">
    <object class="ParameterPreset" id="{ca264684-a67b-4dd9-87b1-9f3a10bdc92c}">
        <property name="name">
            <value>venture_forth</value>
        </property>
        <relationship name="folder">
            <destination>{a2b0a471-6bc5-4e0d-9ba2-223d6fbcddaf}</destination>
        </relationship>
        <relationship name="parameter">
            <destination>{c82fd7b2-528e-4488-a579-5f7d3420e6d0}</destination>
        </relationship>
    </object>
    <object class="GameParameter" id="{c82fd7b2-528e-4488-a579-5f7d3420e6d0}">
        <property name="initialValue">
            <value>0</value>
        </property>
        <property name="seekSpeed">
            <value>0.33000001311302185</value>
        </property>
    </object>
</objects>
