<?xml version="1.0" encoding="UTF-8"?>
<objects serializationModel="Studio.01.10.00">
    <object class="ParameterPreset" id="{ccbeef05-ed90-01c7-05c9-e36ebb8481f2}">
        <property name="name">
            <value>layer2</value>
        </property>
        <relationship name="folder">
            <destination>{c8111af6-be08-4fc5-adde-330d0cc97ab4}</destination>
        </relationship>
        <relationship name="parameter">
            <destination>{8cba29a5-651a-42c0-b26a-20d4490f4253}</destination>
        </relationship>
    </object>
    <object class="GameParameter" id="{8cba29a5-651a-42c0-b26a-20d4490f4253}">
        <property name="initialValue">
            <value>0</value>
        </property>
        <property name="seekSpeed">
            <value>0.20000000298023224</value>
        </property>
        <property name="isExposedRecursively">
            <value>false</value>
        </property>
    </object>
</objects>
