<?xml version="1.0" encoding="UTF-8"?>
<objects serializationModel="Studio.01.10.00">
    <object class="ParameterPreset" id="{cdb415ca-e52a-442b-a628-3d9377206965}">
        <property name="name">
            <value>dialogue_portrait</value>
        </property>
        <relationship name="folder">
            <destination>{6b41bf4d-dc6a-4703-926c-c6f3e1a142fa}</destination>
        </relationship>
        <relationship name="parameter">
            <destination>{16e524b0-7735-4067-a5e5-d035ad36d165}</destination>
        </relationship>
    </object>
    <object class="GameParameter" id="{16e524b0-7735-4067-a5e5-d035ad36d165}">
        <property name="maximum">
            <value>12</value>
        </property>
        <property name="initialValue">
            <value>0</value>
        </property>
    </object>
</objects>
