<?xml version="1.0" encoding="UTF-8"?>
<objects serializationModel="Studio.01.10.00">
    <object class="ParameterPreset" id="{cdc49971-73de-4f3b-a633-93457fdd3b86}">
        <property name="name">
            <value>levelup</value>
        </property>
        <relationship name="folder">
            <destination>{a25d8596-74cb-4796-9262-cad374cf5972}</destination>
        </relationship>
        <relationship name="parameter">
            <destination>{23f97721-356b-4c94-bb97-252e75259703}</destination>
        </relationship>
    </object>
    <object class="GameParameter" id="{23f97721-356b-4c94-bb97-252e75259703}">
        <property name="maximum">
            <value>2</value>
        </property>
        <property name="initialValue">
            <value>0</value>
        </property>
    </object>
</objects>
