<?xml version="1.0" encoding="UTF-8"?>
<objects serializationModel="Studio.01.10.00">
    <object class="ParameterPreset" id="{d2f13135-7fbe-4727-bbe4-75c5deeda8a9}">
        <property name="name">
            <value>wind_direction</value>
        </property>
        <relationship name="folder">
            <destination>{baa27422-6f87-4cf2-af1d-f8a5b7f6d9d0}</destination>
        </relationship>
        <relationship name="parameter">
            <destination>{9687492b-1545-4035-b050-d1fa1282bbe9}</destination>
        </relationship>
    </object>
    <object class="GameParameter" id="{9687492b-1545-4035-b050-d1fa1282bbe9}">
        <property name="minimum">
            <value>-1</value>
        </property>
        <property name="initialValue">
            <value>0</value>
        </property>
        <property name="seekSpeed">
            <value>2.5</value>
        </property>
    </object>
</objects>
