<?xml version="1.0" encoding="UTF-8"?>
<objects serializationModel="Studio.01.10.00">
    <object class="ParameterPreset" id="{d8eec49e-3f32-43cd-9c54-67b18df887ba}">
        <property name="name">
            <value>strong_wind</value>
        </property>
        <relationship name="folder">
            <destination>{baa27422-6f87-4cf2-af1d-f8a5b7f6d9d0}</destination>
        </relationship>
        <relationship name="parameter">
            <destination>{35c9ccfc-6d67-4ac8-a333-47bd0a7423a4}</destination>
        </relationship>
    </object>
    <object class="GameParameter" id="{35c9ccfc-6d67-4ac8-a333-47bd0a7423a4}">
        <property name="initialValue">
            <value>0</value>
        </property>
        <property name="seekSpeed">
            <value>2.5</value>
        </property>
    </object>
</objects>
