<?xml version="1.0" encoding="UTF-8"?>
<objects serializationModel="Studio.01.10.00">
    <object class="ParameterPreset" id="{dcd03174-6008-09c3-182d-e664f4cd7cf6}">
        <property name="name">
            <value>fade</value>
        </property>
        <relationship name="folder">
            <destination>{f4633c9d-98b3-40bf-a30d-e725c51d4aae}</destination>
        </relationship>
        <relationship name="parameter">
            <destination>{9cd4f7d4-e882-4ac4-af8e-25de0646bf57}</destination>
        </relationship>
    </object>
    <object class="GameParameter" id="{9cd4f7d4-e882-4ac4-af8e-25de0646bf57}">
        <property name="initialValue">
            <value>1</value>
        </property>
        <property name="seekSpeed">
            <value>3</value>
        </property>
        <property name="isExposedRecursively">
            <value>false</value>
        </property>
    </object>
</objects>
