<?xml version="1.0" encoding="UTF-8"?>
<objects serializationModel="Studio.01.10.00">
    <object class="ParameterPreset" id="{de651342-6d23-4139-b03c-20e174df155c}">
        <property name="name">
            <value>laugh_distance</value>
        </property>
        <relationship name="folder">
            <destination>{24c9e764-7769-4b77-8a8e-54dbfbcb8076}</destination>
        </relationship>
        <relationship name="parameter">
            <destination>{0cfb32f1-11bf-4518-8247-1ea3e3fa1031}</destination>
        </relationship>
    </object>
    <object class="GameParameter" id="{0cfb32f1-11bf-4518-8247-1ea3e3fa1031}">
        <property name="parameterType">
            <value>1</value>
        </property>
        <property name="minimum">
            <value>350</value>
        </property>
        <property name="maximum">
            <value>650</value>
        </property>
        <property name="initialValue">
            <value>350</value>
        </property>
        <property name="isExposedRecursively">
            <value>false</value>
        </property>
    </object>
</objects>
