<?xml version="1.0" encoding="UTF-8"?>
<objects serializationModel="Studio.01.10.00">
    <object class="ParameterPreset" id="{df78a407-e324-0361-189c-f0dec04fc004}">
        <property name="name">
            <value>layer3</value>
        </property>
        <relationship name="folder">
            <destination>{4f06ead0-64ec-4990-83fc-1dc4f1ee888f}</destination>
        </relationship>
        <relationship name="parameter">
            <destination>{9f7c62a7-6bae-4066-af3f-336432c403a5}</destination>
        </relationship>
    </object>
    <object class="GameParameter" id="{9f7c62a7-6bae-4066-af3f-336432c403a5}">
        <property name="initialValue">
            <value>0</value>
        </property>
        <property name="seekSpeed">
            <value>2</value>
        </property>
        <property name="seekSpeedDescending">
            <value>0.10999999940395355</value>
        </property>
        <property name="isExposedRecursively">
            <value>false</value>
        </property>
    </object>
</objects>
