<?xml version="1.0" encoding="UTF-8"?>
<objects serializationModel="Studio.01.10.00">
    <object class="ParameterPreset" id="{dfc47b48-2d9e-463e-9477-263b287a5dbc}">
        <property name="name">
            <value>toodamnfast</value>
        </property>
        <relationship name="folder">
            <destination>{4103dc01-e42e-45ec-abcc-d2309957e787}</destination>
        </relationship>
        <relationship name="parameter">
            <destination>{201d986c-f7a5-4ab1-a5a1-81f4c58a21b4}</destination>
        </relationship>
    </object>
    <object class="GameParameter" id="{201d986c-f7a5-4ab1-a5a1-81f4c58a21b4}">
        <property name="initialValue">
            <value>0</value>
        </property>
        <property name="seekSpeed">
            <value>0.40000003576278687</value>
        </property>
    </object>
</objects>
