<?xml version="1.0" encoding="UTF-8"?>
<objects serializationModel="Studio.01.10.00">
    <object class="ParameterPreset" id="{e17f5d53-2885-4eb3-9c25-8c219543ad05}">
        <property name="name">
            <value>moon</value>
        </property>
        <relationship name="folder">
            <destination>{c87abd7f-5899-4b98-a9d0-2834dae9e5c6}</destination>
        </relationship>
        <relationship name="parameter">
            <destination>{15aabc38-432f-44a1-8ccc-7b359a3afa88}</destination>
        </relationship>
    </object>
    <object class="GameParameter" id="{15aabc38-432f-44a1-8ccc-7b359a3afa88}">
        <property name="initialValue">
            <value>0</value>
        </property>
        <property name="seekSpeed">
            <value>1</value>
        </property>
    </object>
</objects>
