<?xml version="1.0" encoding="UTF-8"?>
<objects serializationModel="Studio.01.10.00">
    <object class="ParameterPreset" id="{e383f98f-e154-4e61-b595-46f596be793b}">
        <property name="name">
            <value>raining</value>
        </property>
        <relationship name="folder">
            <destination>{0b776673-9343-4cc7-b5b2-c25cbc9a1728}</destination>
        </relationship>
        <relationship name="parameter">
            <destination>{b50e91aa-dcbb-4cb5-a64b-1838cb415dbd}</destination>
        </relationship>
    </object>
    <object class="GameParameter" id="{b50e91aa-dcbb-4cb5-a64b-1838cb415dbd}">
        <property name="initialValue">
            <value>0</value>
        </property>
    </object>
</objects>
