<?xml version="1.0" encoding="UTF-8"?>
<objects serializationModel="Studio.01.10.00">
    <object class="ParameterPreset" id="{e7550d79-8bc1-00b8-2d0a-36bc449679da}">
        <property name="name">
            <value>layer2</value>
        </property>
        <relationship name="folder">
            <destination>{c96c3ae8-9dfc-4c93-a273-e4ae8c84aef4}</destination>
        </relationship>
        <relationship name="parameter">
            <destination>{a751cbd9-034b-43bf-9aa9-f506b61dba7b}</destination>
        </relationship>
    </object>
    <object class="GameParameter" id="{a751cbd9-034b-43bf-9aa9-f506b61dba7b}">
        <property name="initialValue">
            <value>0</value>
        </property>
        <property name="seekSpeed">
            <value>0.25</value>
        </property>
        <property name="isExposedRecursively">
            <value>false</value>
        </property>
    </object>
</objects>
