<?xml version="1.0" encoding="UTF-8"?>
<objects serializationModel="Studio.01.10.00">
    <object class="ParameterPreset" id="{ea8b997a-ba0d-491f-8001-359681b303a1}">
        <property name="name">
            <value>colour</value>
        </property>
        <relationship name="folder">
            <destination>{e556edf7-d856-4f1b-b347-c02c6f5e3d74}</destination>
        </relationship>
        <relationship name="parameter">
            <destination>{e1cf1e93-1b27-42bd-8282-3be5533e01bb}</destination>
        </relationship>
    </object>
    <object class="GameParameter" id="{e1cf1e93-1b27-42bd-8282-3be5533e01bb}">
        <property name="maximum">
            <value>4</value>
        </property>
        <property name="initialValue">
            <value>0</value>
        </property>
    </object>
</objects>
