<?xml version="1.0" encoding="UTF-8"?>
<objects serializationModel="Studio.01.10.00">
    <object class="ParameterPreset" id="{eefeda94-2684-4b52-bc4c-a78aabb2fa66}">
        <property name="name">
            <value>end</value>
        </property>
        <relationship name="folder">
            <destination>{8b1fff6e-643a-4742-96d9-e3c07aaafb75}</destination>
        </relationship>
        <relationship name="parameter">
            <destination>{9425d8d2-5fa6-4e12-982d-d1cef89446c5}</destination>
        </relationship>
    </object>
    <object class="GameParameter" id="{9425d8d2-5fa6-4e12-982d-d1cef89446c5}">
        <property name="initialValue">
            <value>0</value>
        </property>
    </object>
</objects>
