<?xml version="1.0" encoding="UTF-8"?>
<objects serializationModel="Studio.01.10.00">
    <object class="ParameterPreset" id="{f0eb6811-ae1e-4b40-9cca-1ea632df476f}">
        <property name="name">
            <value>in_space</value>
        </property>
        <relationship name="folder">
            <destination>{abad39c2-c491-4f4c-b005-9a90f9d5fe92}</destination>
        </relationship>
        <relationship name="parameter">
            <destination>{e6b845b7-dc85-43ca-9302-a8dc9784e6f2}</destination>
        </relationship>
    </object>
    <object class="GameParameter" id="{e6b845b7-dc85-43ca-9302-a8dc9784e6f2}">
        <property name="maximum">
            <value>2</value>
        </property>
        <property name="initialValue">
            <value>0</value>
        </property>
        <property name="seekSpeed">
            <value>0.5</value>
        </property>
        <property name="seekSpeedDescending">
            <value>10</value>
        </property>
        <property name="seekSpeedAsymmetric">
            <value>true</value>
        </property>
        <property name="isExposedRecursively">
            <value>false</value>
        </property>
    </object>
</objects>
