<?xml version="1.0" encoding="UTF-8"?>
<objects serializationModel="Studio.01.10.00">
    <object class="ParameterPreset" id="{f202ccab-5996-0baa-3856-b126232c1a2c}">
        <property name="name">
            <value>layer3</value>
        </property>
        <relationship name="folder">
            <destination>{1f8a93a9-af06-4712-9b07-b35637c50d28}</destination>
        </relationship>
        <relationship name="parameter">
            <destination>{b2060a0b-d11c-48ad-8ff5-729cd1a7d98d}</destination>
        </relationship>
    </object>
    <object class="GameParameter" id="{b2060a0b-d11c-48ad-8ff5-729cd1a7d98d}">
        <property name="seekSpeed">
            <value>2</value>
        </property>
        <property name="isExposedRecursively">
            <value>false</value>
        </property>
    </object>
</objects>
