<?xml version="1.0" encoding="UTF-8"?>
<objects serializationModel="Studio.01.10.00">
    <object class="ParameterPreset" id="{f33adba8-1d26-00a8-152c-91b6d8098108}">
        <property name="name">
            <value>layer1</value>
        </property>
        <relationship name="folder">
            <destination>{4f06ead0-64ec-4990-83fc-1dc4f1ee888f}</destination>
        </relationship>
        <relationship name="parameter">
            <destination>{b33e1d08-95ac-43af-a28f-520c2a8242a9}</destination>
        </relationship>
    </object>
    <object class="GameParameter" id="{b33e1d08-95ac-43af-a28f-520c2a8242a9}">
        <property name="initialValue">
            <value>1</value>
        </property>
        <property name="seekSpeed">
            <value>0.11999999731779099</value>
        </property>
        <property name="isExposedRecursively">
            <value>false</value>
        </property>
    </object>
</objects>
