<?xml version="1.0" encoding="UTF-8"?>
<objects serializationModel="Studio.01.10.00">
    <object class="ParameterPreset" id="{f67f8f8c-f050-0b09-3b47-c9e4501ec872}">
        <property name="name">
            <value>layer1</value>
        </property>
        <relationship name="folder">
            <destination>{c8111af6-be08-4fc5-adde-330d0cc97ab4}</destination>
        </relationship>
        <relationship name="parameter">
            <destination>{b67b492c-78da-480e-8ce4-0a5ea2950bd3}</destination>
        </relationship>
    </object>
    <object class="GameParameter" id="{b67b492c-78da-480e-8ce4-0a5ea2950bd3}">
        <property name="initialValue">
            <value>0</value>
        </property>
        <property name="seekSpeed">
            <value>4</value>
        </property>
        <property name="isExposedRecursively">
            <value>false</value>
        </property>
    </object>
</objects>
