<?xml version="1.0" encoding="UTF-8"?>
<objects serializationModel="Studio.01.10.00">
    <object class="ParameterPreset" id="{f9bdd63b-eb3e-49f9-b6a0-51f603063292}">
        <property name="name">
            <value>end</value>
        </property>
        <relationship name="folder">
            <destination>{7a38fa10-a2ad-49c4-9642-8ad341dd07ca}</destination>
        </relationship>
        <relationship name="parameter">
            <destination>{58f438b0-6cc5-4366-afe2-ea4944de3667}</destination>
        </relationship>
    </object>
    <object class="GameParameter" id="{58f438b0-6cc5-4366-afe2-ea4944de3667}">
        <property name="initialValue">
            <value>0</value>
        </property>
    </object>
</objects>
