<?xml version="1.0" encoding="UTF-8"?>
<objects serializationModel="Studio.01.10.00">
    <object class="ParameterPreset" id="{fb28c98b-af0d-4523-89d5-6eaef91fa731}">
        <property name="name">
            <value>layer2</value>
        </property>
        <relationship name="folder">
            <destination>{bafbaa7b-0ff3-434a-b38d-38a1ff2ac854}</destination>
        </relationship>
        <relationship name="parameter">
            <destination>{05ca8355-2a67-4abf-845c-ec6f0e569600}</destination>
        </relationship>
    </object>
    <object class="GameParameter" id="{05ca8355-2a67-4abf-845c-ec6f0e569600}">
        <property name="initialValue">
            <value>0</value>
        </property>
        <property name="seekSpeed">
            <value>0.10000000149011612</value>
        </property>
        <property name="seekSpeedDescending">
            <value>5</value>
        </property>
        <property name="seekSpeedAsymmetric">
            <value>true</value>
        </property>
    </object>
</objects>
