<?xml version="1.0" encoding="UTF-8"?>
<objects serializationModel="Studio.01.10.00">
    <object class="AudioFile" id="{6b7aed2c-6c55-4b5b-994b-fb92d1fd77a3}">
        <property name="assetPath">
            <value>game/02_old_site/game_02_sequence_mirror.ogg</value>
        </property>
        <property name="isStreaming">
            <value>true</value>
        </property>
        <property name="frequencyInKHz">
            <value>44.0999985</value>
        </property>
        <property name="channelCount">
            <value>2</value>
        </property>
        <property name="length">
            <value>13.983333333333333</value>
        </property>
        <relationship name="masterAssetFolder">
            <destination>{3a882b8a-30bb-4294-aa44-e27b045f41d2}</destination>
        </relationship>
    </object>
</objects>
