<?xml version="1.0" encoding="UTF-8"?>
<objects serializationModel="Studio.01.10.00">
    <object class="AudioFile" id="{a1e26ce4-6fcb-4c76-9bf0-43e323b3c92d}">
        <property name="assetPath">
            <value>character/dialogue/madeline/char_dia_madeline_surprised_per_07.ogg</value>
        </property>
        <property name="frequencyInKHz">
            <value>44.0999985</value>
        </property>
        <property name="channelCount">
            <value>1</value>
        </property>
        <property name="length">
            <value>0.37752834467120183</value>
        </property>
        <relationship name="masterAssetFolder">
            <destination>{3a882b8a-30bb-4294-aa44-e27b045f41d2}</destination>
        </relationship>
    </object>
</objects>
