<?xml version="1.0" encoding="UTF-8"?>
<objects serializationModel="Studio.01.10.00">
    <object class="AudioFile" id="{a940f0f4-a5bb-4057-990e-20229ec19c3c}">
        <property name="assetPath">
            <value>music/cassette/06_reflection/mus_cass_ch6_bass3_f#2.ogg</value>
        </property>
        <property name="frequencyInKHz">
            <value>44.0999985</value>
        </property>
        <property name="channelCount">
            <value>1</value>
        </property>
        <property name="length">
            <value>0.16666666666666666</value>
        </property>
        <relationship name="masterAssetFolder">
            <destination>{3a882b8a-30bb-4294-aa44-e27b045f41d2}</destination>
        </relationship>
    </object>
</objects>
