<?xml version="1.0" encoding="UTF-8"?>
<objects serializationModel="Studio.01.10.00">
    <object class="MixerGroup" id="{035161f3-528e-4896-9238-683d2f3d60f1}">
        <property name="name">
            <value>tunes</value>
        </property>
        <relationship name="effectChain">
            <destination>{96e96403-3c2c-43aa-98d0-24c943f12b93}</destination>
        </relationship>
        <relationship name="panner">
            <destination>{a6b3f2d1-ad4f-4d99-8674-7eaaa26e104b}</destination>
        </relationship>
        <relationship name="output">
            <destination>{c66382b2-56ff-461e-8062-7f881794db85}</destination>
        </relationship>
    </object>
    <object class="MixerBusEffectChain" id="{96e96403-3c2c-43aa-98d0-24c943f12b93}">
        <relationship name="effects">
            <destination>{1d304eb0-3c0f-4581-8be3-a441b3e25331}</destination>
        </relationship>
    </object>
    <object class="MixerBusPanner" id="{a6b3f2d1-ad4f-4d99-8674-7eaaa26e104b}"/>
    <object class="MixerBusFader" id="{1d304eb0-3c0f-4581-8be3-a441b3e25331}"/>
</objects>
