<?xml version="1.0" encoding="UTF-8"?>
<objects serializationModel="Studio.01.10.00">
    <object class="MixerGroup" id="{05e910f2-4e6d-4f1d-a82d-014519b4667f}">
        <property name="volume">
            <value>-80</value>
        </property>
        <property name="name">
            <value>cafe_computer_amb</value>
        </property>
        <relationship name="effectChain">
            <destination>{36d1654d-d091-4238-9484-525388798b10}</destination>
        </relationship>
        <relationship name="panner">
            <destination>{b4f1f0c0-1873-4f4a-9e56-d515ecc652e7}</destination>
        </relationship>
        <relationship name="output">
            <destination>{2219f267-26c7-4a3c-bc90-148c7cb385c9}</destination>
        </relationship>
    </object>
    <object class="MixerBusEffectChain" id="{36d1654d-d091-4238-9484-525388798b10}">
        <relationship name="effects">
            <destination>{60e03cf5-fecf-411f-b2c5-c33f3f8e4c34}</destination>
        </relationship>
    </object>
    <object class="MixerBusPanner" id="{b4f1f0c0-1873-4f4a-9e56-d515ecc652e7}"/>
    <object class="MixerBusFader" id="{60e03cf5-fecf-411f-b2c5-c33f3f8e4c34}"/>
</objects>
