<?xml version="1.0" encoding="UTF-8"?>
<objects serializationModel="Studio.01.10.00">
    <object class="MixerGroup" id="{1290bf60-75df-4063-a36d-1f89c688a282}">
        <property name="name">
            <value>bird_wingflaps</value>
        </property>
        <relationship name="effectChain">
            <destination>{726612d7-91cd-4e6e-9166-c7b059f2f5af}</destination>
        </relationship>
        <relationship name="panner">
            <destination>{0dff9f63-26c3-46b0-be8f-1a49229b0743}</destination>
        </relationship>
        <relationship name="output">
            <destination>{2219f267-26c7-4a3c-bc90-148c7cb385c9}</destination>
        </relationship>
    </object>
    <object class="MixerBusEffectChain" id="{726612d7-91cd-4e6e-9166-c7b059f2f5af}">
        <relationship name="effects">
            <destination>{d31e9dff-9d32-41bd-87d2-2939d8133303}</destination>
        </relationship>
    </object>
    <object class="MixerBusPanner" id="{0dff9f63-26c3-46b0-be8f-1a49229b0743}"/>
    <object class="MixerBusFader" id="{d31e9dff-9d32-41bd-87d2-2939d8133303}"/>
</objects>
