<?xml version="1.0" encoding="UTF-8"?>
<objects serializationModel="Studio.01.10.00">
    <object class="MixerGroup" id="{130cca3c-25f1-4e3f-a26a-d604b2a1bf58}">
        <property name="name">
            <value>04_cliffside</value>
        </property>
        <relationship name="effectChain">
            <destination>{e3a95400-3aa2-4b0a-8970-e47d3657f9cf}</destination>
        </relationship>
        <relationship name="panner">
            <destination>{ed69754a-1526-4979-bdaf-d9947d1b7487}</destination>
        </relationship>
        <relationship name="output">
            <destination>{6e4f0c21-c551-48a4-828e-b7ea3816b42d}</destination>
        </relationship>
    </object>
    <object class="MixerBusEffectChain" id="{e3a95400-3aa2-4b0a-8970-e47d3657f9cf}">
        <relationship name="effects">
            <destination>{3ccfbdd6-8642-4f51-bb26-b6a05119e235}</destination>
        </relationship>
    </object>
    <object class="MixerBusPanner" id="{ed69754a-1526-4979-bdaf-d9947d1b7487}"/>
    <object class="MixerBusFader" id="{3ccfbdd6-8642-4f51-bb26-b6a05119e235}"/>
</objects>
