<?xml version="1.0" encoding="UTF-8"?>
<objects serializationModel="Studio.01.10.00">
    <object class="MixerGroup" id="{1394d383-dd5e-4772-abcd-5780e97a8ee3}">
        <property name="name">
            <value>electricity</value>
        </property>
        <relationship name="effectChain">
            <destination>{8cc9437f-2f7b-434e-b2b5-ad5c3151251c}</destination>
        </relationship>
        <relationship name="panner">
            <destination>{4a7430af-03be-4630-a54b-48eaefe3b654}</destination>
        </relationship>
        <relationship name="output">
            <destination>{a98d0a0f-3a46-4300-b387-c39f0db5d47e}</destination>
        </relationship>
    </object>
    <object class="MixerBusEffectChain" id="{8cc9437f-2f7b-434e-b2b5-ad5c3151251c}">
        <relationship name="effects">
            <destination>{975759f8-dafa-458a-bc05-c4db7b4ae873}</destination>
        </relationship>
    </object>
    <object class="MixerBusPanner" id="{4a7430af-03be-4630-a54b-48eaefe3b654}"/>
    <object class="MixerBusFader" id="{975759f8-dafa-458a-bc05-c4db7b4ae873}"/>
</objects>
