<?xml version="1.0" encoding="UTF-8"?>
<objects serializationModel="Studio.01.10.00">
    <object class="MixerGroup" id="{1ea7af9f-bcac-4a3e-8e2a-66cc1e04e9eb}">
        <property name="name">
            <value>tutorial_ghost</value>
        </property>
        <relationship name="effectChain">
            <destination>{aecede3c-863b-42ab-8ca9-955c191e77f1}</destination>
        </relationship>
        <relationship name="panner">
            <destination>{0fc571ee-1dfb-45fb-a111-bcd47458f1f8}</destination>
        </relationship>
        <relationship name="output">
            <destination>{d3031014-2f55-4036-904a-070ba37ba6df}</destination>
        </relationship>
    </object>
    <object class="MixerBusEffectChain" id="{aecede3c-863b-42ab-8ca9-955c191e77f1}">
        <relationship name="effects">
            <destination>{68dde204-3268-47e9-81f1-560e570ea0bd}</destination>
        </relationship>
    </object>
    <object class="MixerBusPanner" id="{0fc571ee-1dfb-45fb-a111-bcd47458f1f8}"/>
    <object class="MixerBusFader" id="{68dde204-3268-47e9-81f1-560e570ea0bd}"/>
</objects>
