<?xml version="1.0" encoding="UTF-8"?>
<objects serializationModel="Studio.01.10.00">
    <object class="MixerGroup" id="{2219f267-26c7-4a3c-bc90-148c7cb385c9}">
        <property name="name">
            <value>10_farewell</value>
        </property>
        <relationship name="effectChain">
            <destination>{618d45b9-f54d-45ae-a6be-1c449dd61a50}</destination>
        </relationship>
        <relationship name="panner">
            <destination>{93ef763f-792d-4dd0-b6c3-3d4853317a09}</destination>
        </relationship>
        <relationship name="output">
            <destination>{6e4f0c21-c551-48a4-828e-b7ea3816b42d}</destination>
        </relationship>
    </object>
    <object class="MixerBusEffectChain" id="{618d45b9-f54d-45ae-a6be-1c449dd61a50}">
        <relationship name="effects">
            <destination>{6d100b47-6da7-42b8-96f1-f01de130e544}</destination>
        </relationship>
    </object>
    <object class="MixerBusPanner" id="{93ef763f-792d-4dd0-b6c3-3d4853317a09}"/>
    <object class="MixerBusFader" id="{6d100b47-6da7-42b8-96f1-f01de130e544}"/>
</objects>
