<?xml version="1.0" encoding="UTF-8"?>
<objects serializationModel="Studio.01.10.00">
    <object class="MixerGroup" id="{24502313-f693-41bd-8fbb-b570e73b730d}">
        <property name="name">
            <value>03_resort</value>
        </property>
        <relationship name="effectChain">
            <destination>{c43b37b0-2150-47ac-934d-6358bb40ee39}</destination>
        </relationship>
        <relationship name="panner">
            <destination>{d8d456f1-5443-4142-ab95-edb115dc3e49}</destination>
        </relationship>
        <relationship name="output">
            <destination>{2677ced7-94e4-44e2-9f5a-74aaeda5ab63}</destination>
        </relationship>
    </object>
    <object class="MixerBusEffectChain" id="{c43b37b0-2150-47ac-934d-6358bb40ee39}">
        <relationship name="effects">
            <destination>{52cd0f96-a1bb-4378-a45a-cc5196dfd50a}</destination>
        </relationship>
    </object>
    <object class="MixerBusPanner" id="{d8d456f1-5443-4142-ab95-edb115dc3e49}"/>
    <object class="MixerBusFader" id="{52cd0f96-a1bb-4378-a45a-cc5196dfd50a}"/>
</objects>
