<?xml version="1.0" encoding="UTF-8"?>
<objects serializationModel="Studio.01.10.00">
    <object class="MixerGroup" id="{24ffc423-525a-4e57-a96a-a392cf455198}">
        <property name="name">
            <value>lvl2</value>
        </property>
        <relationship name="effectChain">
            <destination>{b9840ee6-0189-40c3-9d18-ceb689b9a973}</destination>
        </relationship>
        <relationship name="panner">
            <destination>{7e5989dd-31b5-440c-9786-e17b60801164}</destination>
        </relationship>
        <relationship name="output">
            <destination>{7429d822-1e68-4251-9907-6d4e8d14a82e}</destination>
        </relationship>
    </object>
    <object class="MixerBusEffectChain" id="{b9840ee6-0189-40c3-9d18-ceb689b9a973}">
        <relationship name="effects">
            <destination>{8c8e1c47-b937-4b59-8b24-cddb272ece9d}</destination>
        </relationship>
    </object>
    <object class="MixerBusPanner" id="{7e5989dd-31b5-440c-9786-e17b60801164}"/>
    <object class="MixerBusFader" id="{8c8e1c47-b937-4b59-8b24-cddb272ece9d}"/>
</objects>
