<?xml version="1.0" encoding="UTF-8"?>
<objects serializationModel="Studio.01.10.00">
    <object class="MixerGroup" id="{281fbfae-927e-4dd8-a3b7-90d51b0fcd03}">
        <property name="name">
            <value>lvl4</value>
        </property>
        <relationship name="effectChain">
            <destination>{990e4fdf-86d3-4eba-bea6-6b09e965c0f9}</destination>
        </relationship>
        <relationship name="panner">
            <destination>{aa23da96-9291-4519-b0dd-71a0a4cc4af5}</destination>
        </relationship>
        <relationship name="output">
            <destination>{7429d822-1e68-4251-9907-6d4e8d14a82e}</destination>
        </relationship>
    </object>
    <object class="MixerBusEffectChain" id="{990e4fdf-86d3-4eba-bea6-6b09e965c0f9}">
        <relationship name="effects">
            <destination>{b681eae0-f72f-47b2-8a84-2feb22c069d1}</destination>
        </relationship>
    </object>
    <object class="MixerBusPanner" id="{aa23da96-9291-4519-b0dd-71a0a4cc4af5}"/>
    <object class="MixerBusFader" id="{b681eae0-f72f-47b2-8a84-2feb22c069d1}"/>
</objects>
