<?xml version="1.0" encoding="UTF-8"?>
<objects serializationModel="Studio.01.10.00">
    <object class="MixerGroup" id="{2ce9652c-a647-4e5d-b74a-b36ea60715d9}">
        <property name="name">
            <value>console</value>
        </property>
        <relationship name="effectChain">
            <destination>{20eab21d-5e92-48ce-a171-2a219db8f619}</destination>
        </relationship>
        <relationship name="panner">
            <destination>{23618ee0-3abe-4245-987f-3186b3c953df}</destination>
        </relationship>
        <relationship name="output">
            <destination>{5820993d-7e39-4b2a-a2e7-9cd902543ad1}</destination>
        </relationship>
    </object>
    <object class="MixerBusEffectChain" id="{20eab21d-5e92-48ce-a171-2a219db8f619}">
        <relationship name="effects">
            <destination>{75a888cb-c829-4e4f-a029-1a16c8b69d0e}</destination>
        </relationship>
    </object>
    <object class="MixerBusPanner" id="{23618ee0-3abe-4245-987f-3186b3c953df}"/>
    <object class="MixerBusFader" id="{75a888cb-c829-4e4f-a029-1a16c8b69d0e}"/>
</objects>
