<?xml version="1.0" encoding="UTF-8"?>
<objects serializationModel="Studio.01.10.00">
    <object class="MixerGroup" id="{2cf5046e-8b34-4d1e-9bde-cb34c2c82607}">
        <property name="name">
            <value>stings</value>
        </property>
        <relationship name="effectChain">
            <destination>{7b26b934-553f-4aad-a657-e10593f91ea4}</destination>
        </relationship>
        <relationship name="panner">
            <destination>{4f817994-de17-4284-b36b-5fb89ba05793}</destination>
        </relationship>
        <relationship name="output">
            <destination>{c66382b2-56ff-461e-8062-7f881794db85}</destination>
        </relationship>
    </object>
    <object class="MixerBusEffectChain" id="{7b26b934-553f-4aad-a657-e10593f91ea4}">
        <relationship name="effects">
            <destination>{5ee87417-a972-4947-a62f-847a9acdf663}</destination>
        </relationship>
    </object>
    <object class="MixerBusPanner" id="{4f817994-de17-4284-b36b-5fb89ba05793}"/>
    <object class="MixerBusFader" id="{5ee87417-a972-4947-a62f-847a9acdf663}"/>
</objects>
