<?xml version="1.0" encoding="UTF-8"?>
<objects serializationModel="Studio.01.10.00">
    <object class="MixerGroup" id="{2d22a1f7-3d3f-443a-9f5c-b3af2c719942}">
        <property name="name">
            <value>07_summit</value>
        </property>
        <relationship name="effectChain">
            <destination>{b0e06249-85b7-413a-a519-7235622c923b}</destination>
        </relationship>
        <relationship name="panner">
            <destination>{c8e54183-b8d8-4db4-9d35-2732c733e8d6}</destination>
        </relationship>
        <relationship name="output">
            <destination>{2677ced7-94e4-44e2-9f5a-74aaeda5ab63}</destination>
        </relationship>
    </object>
    <object class="MixerBusEffectChain" id="{b0e06249-85b7-413a-a519-7235622c923b}">
        <relationship name="effects">
            <destination>{b9140cc8-c131-4b97-b3cd-657bd30141db}</destination>
        </relationship>
    </object>
    <object class="MixerBusPanner" id="{c8e54183-b8d8-4db4-9d35-2732c733e8d6}"/>
    <object class="MixerBusFader" id="{b9140cc8-c131-4b97-b3cd-657bd30141db}"/>
</objects>
