<?xml version="1.0" encoding="UTF-8"?>
<objects serializationModel="Studio.01.10.00">
    <object class="MixerGroup" id="{2d452462-5099-4832-9c7b-6244168969f8}">
        <property name="name">
            <value>lvl5</value>
        </property>
        <relationship name="effectChain">
            <destination>{8d7f2d1f-d96f-4977-ad07-bb782344e38e}</destination>
        </relationship>
        <relationship name="panner">
            <destination>{b5eb199d-8def-4bdc-a1b6-21e7df50348d}</destination>
        </relationship>
        <relationship name="output">
            <destination>{7429d822-1e68-4251-9907-6d4e8d14a82e}</destination>
        </relationship>
    </object>
    <object class="MixerBusEffectChain" id="{8d7f2d1f-d96f-4977-ad07-bb782344e38e}">
        <relationship name="effects">
            <destination>{d897d7e1-742f-4dfc-a4a5-7e8f3fc3f6e3}</destination>
        </relationship>
    </object>
    <object class="MixerBusPanner" id="{b5eb199d-8def-4bdc-a1b6-21e7df50348d}"/>
    <object class="MixerBusFader" id="{d897d7e1-742f-4dfc-a4a5-7e8f3fc3f6e3}"/>
</objects>
