<?xml version="1.0" encoding="UTF-8"?>
<objects serializationModel="Studio.01.10.00">
    <object class="MixerGroup" id="{30890542-6efc-4ea9-927e-3ca0c3b97d95}">
        <property name="name">
            <value>02_old_site</value>
        </property>
        <relationship name="effectChain">
            <destination>{c803e20b-4648-4f26-8428-75e29e1812de}</destination>
        </relationship>
        <relationship name="panner">
            <destination>{1b2d30ee-c1bc-4fb2-b376-c225b72d342c}</destination>
        </relationship>
        <relationship name="output">
            <destination>{6e4f0c21-c551-48a4-828e-b7ea3816b42d}</destination>
        </relationship>
    </object>
    <object class="MixerBusEffectChain" id="{c803e20b-4648-4f26-8428-75e29e1812de}">
        <relationship name="effects">
            <destination>{06cb377e-e928-4f74-9da0-27d5c6b5af0d}</destination>
        </relationship>
    </object>
    <object class="MixerBusPanner" id="{1b2d30ee-c1bc-4fb2-b376-c225b72d342c}"/>
    <object class="MixerBusFader" id="{06cb377e-e928-4f74-9da0-27d5c6b5af0d}"/>
</objects>
