<?xml version="1.0" encoding="UTF-8"?>
<objects serializationModel="Studio.01.10.00">
    <object class="MixerGroup" id="{327f796b-864b-45f9-9991-839720ec7108}">
        <property name="name">
            <value>09_core</value>
        </property>
        <relationship name="effectChain">
            <destination>{3631ecab-d7e5-4134-b44a-f98e77148011}</destination>
        </relationship>
        <relationship name="panner">
            <destination>{a6240594-37e4-49d3-9401-e3ecadb82b64}</destination>
        </relationship>
        <relationship name="output">
            <destination>{6e4f0c21-c551-48a4-828e-b7ea3816b42d}</destination>
        </relationship>
    </object>
    <object class="MixerBusEffectChain" id="{3631ecab-d7e5-4134-b44a-f98e77148011}">
        <relationship name="effects">
            <destination>{de217ee4-f3a2-4016-9a80-3090008c2210}</destination>
        </relationship>
    </object>
    <object class="MixerBusPanner" id="{a6240594-37e4-49d3-9401-e3ecadb82b64}"/>
    <object class="MixerBusFader" id="{de217ee4-f3a2-4016-9a80-3090008c2210}"/>
</objects>
