<?xml version="1.0" encoding="UTF-8"?>
<objects serializationModel="Studio.01.10.00">
    <object class="MixerGroup" id="{33116628-46c3-4bfd-9ca6-a4a152fb9ef2}">
        <property name="volume">
            <value>-80</value>
        </property>
        <property name="name">
            <value>ppt_content</value>
        </property>
        <relationship name="effectChain">
            <destination>{8c915b49-3c68-4e22-8a18-3007e2d6d57c}</destination>
        </relationship>
        <relationship name="panner">
            <destination>{51238772-6592-40dc-b8c5-c2313ce74334}</destination>
        </relationship>
        <relationship name="output">
            <destination>{33f0d1af-cd28-4272-a966-89189763d3c1}</destination>
        </relationship>
    </object>
    <object class="MixerBusEffectChain" id="{8c915b49-3c68-4e22-8a18-3007e2d6d57c}">
        <relationship name="effects">
            <destination>{0cd84b9a-dab1-4431-a812-b671d470a97e}</destination>
        </relationship>
    </object>
    <object class="MixerBusPanner" id="{51238772-6592-40dc-b8c5-c2313ce74334}"/>
    <object class="MixerBusFader" id="{0cd84b9a-dab1-4431-a812-b671d470a97e}"/>
</objects>
