<?xml version="1.0" encoding="UTF-8"?>
<objects serializationModel="Studio.01.10.00">
    <object class="MixerGroup" id="{33f0d1af-cd28-4272-a966-89189763d3c1}">
        <property name="name">
            <value>side_rooms</value>
        </property>
        <relationship name="effectChain">
            <destination>{47ad3405-b76e-4d2c-a21c-e7c52e76d201}</destination>
        </relationship>
        <relationship name="panner">
            <destination>{da3ed7b7-704b-483a-ab12-6956ce2b1513}</destination>
        </relationship>
        <relationship name="output">
            <destination>{035161f3-528e-4896-9238-683d2f3d60f1}</destination>
        </relationship>
    </object>
    <object class="MixerBusEffectChain" id="{47ad3405-b76e-4d2c-a21c-e7c52e76d201}">
        <relationship name="effects">
            <destination>{761c2a18-df42-4d8f-8806-8f6f2306fc15}</destination>
        </relationship>
    </object>
    <object class="MixerBusPanner" id="{da3ed7b7-704b-483a-ab12-6956ce2b1513}"/>
    <object class="MixerBusFader" id="{761c2a18-df42-4d8f-8806-8f6f2306fc15}"/>
</objects>
