<?xml version="1.0" encoding="UTF-8"?>
<objects serializationModel="Studio.01.10.00">
    <object class="MixerGroup" id="{34514772-f9f0-4a83-8fe7-2757c9206fe0}">
        <property name="name">
            <value>birds</value>
        </property>
        <relationship name="effectChain">
            <destination>{6c1f4c69-1a17-4a93-9b5b-5423b2ec3aa2}</destination>
        </relationship>
        <relationship name="panner">
            <destination>{c40c34c5-e913-4638-b3a9-25f22b37933a}</destination>
        </relationship>
        <relationship name="output">
            <destination>{80173d30-4942-4abb-81e7-999ad33a9c18}</destination>
        </relationship>
    </object>
    <object class="MixerBusEffectChain" id="{6c1f4c69-1a17-4a93-9b5b-5423b2ec3aa2}">
        <relationship name="effects">
            <destination>{17e258ab-3011-433b-83eb-f5a7612ba8c2}</destination>
        </relationship>
    </object>
    <object class="MixerBusPanner" id="{c40c34c5-e913-4638-b3a9-25f22b37933a}"/>
    <object class="MixerBusFader" id="{17e258ab-3011-433b-83eb-f5a7612ba8c2}"/>
</objects>
