<?xml version="1.0" encoding="UTF-8"?>
<objects serializationModel="Studio.01.10.00">
    <object class="MixerGroup" id="{3828f323-8e89-4c34-b0fe-6c403cb6606b}">
        <property name="name">
            <value>granny</value>
        </property>
        <relationship name="effectChain">
            <destination>{a19d51a3-735f-497b-b845-f13b9cea9c24}</destination>
        </relationship>
        <relationship name="panner">
            <destination>{cd19e9af-1955-41a3-9fad-26c0198fee0a}</destination>
        </relationship>
        <relationship name="output">
            <destination>{d3031014-2f55-4036-904a-070ba37ba6df}</destination>
        </relationship>
    </object>
    <object class="MixerBusEffectChain" id="{a19d51a3-735f-497b-b845-f13b9cea9c24}">
        <relationship name="effects">
            <destination>{baf6500c-a95e-411c-9aa4-988b20e8bb49}</destination>
        </relationship>
    </object>
    <object class="MixerBusPanner" id="{cd19e9af-1955-41a3-9fad-26c0198fee0a}"/>
    <object class="MixerBusFader" id="{baf6500c-a95e-411c-9aa4-988b20e8bb49}"/>
</objects>
