<?xml version="1.0" encoding="UTF-8"?>
<objects serializationModel="Studio.01.10.00">
    <object class="MixerGroup" id="{3fdf5514-61e2-4c69-9fa7-5cd0a627fc16}">
        <property name="name">
            <value>classic</value>
        </property>
        <relationship name="effectChain">
            <destination>{5ef5c743-870a-4d1e-96e5-6b2fa8fa7c6b}</destination>
        </relationship>
        <relationship name="panner">
            <destination>{74502dd9-624e-4e68-a867-6bca9f171faa}</destination>
        </relationship>
        <relationship name="output">
            <destination>{aac396d1-a63f-418a-810a-5d5a59fb2c43}</destination>
        </relationship>
    </object>
    <object class="MixerBusEffectChain" id="{5ef5c743-870a-4d1e-96e5-6b2fa8fa7c6b}">
        <relationship name="effects">
            <destination>{148e3449-17e0-4326-b5d9-8af922d9dd4b}</destination>
        </relationship>
    </object>
    <object class="MixerBusPanner" id="{74502dd9-624e-4e68-a867-6bca9f171faa}"/>
    <object class="MixerBusFader" id="{148e3449-17e0-4326-b5d9-8af922d9dd4b}"/>
</objects>
