<?xml version="1.0" encoding="UTF-8"?>
<objects serializationModel="Studio.01.10.00">
    <object class="MixerGroup" id="{520daa59-6d74-4eef-8d67-5c50d55bebd8}">
        <property name="name">
            <value>worldmap</value>
        </property>
        <relationship name="effectChain">
            <destination>{5a0df269-4cdd-4b03-a7d9-82af6778dfc5}</destination>
        </relationship>
        <relationship name="panner">
            <destination>{6f3f11dc-34ae-4216-91dd-dfdb6880869e}</destination>
        </relationship>
        <relationship name="output">
            <destination>{2677ced7-94e4-44e2-9f5a-74aaeda5ab63}</destination>
        </relationship>
    </object>
    <object class="MixerBusEffectChain" id="{5a0df269-4cdd-4b03-a7d9-82af6778dfc5}">
        <relationship name="effects">
            <destination>{3b141dbf-c380-4270-8cee-5fe0aba8efd0}</destination>
        </relationship>
    </object>
    <object class="MixerBusPanner" id="{6f3f11dc-34ae-4216-91dd-dfdb6880869e}"/>
    <object class="MixerBusFader" id="{3b141dbf-c380-4270-8cee-5fe0aba8efd0}"/>
</objects>
