<?xml version="1.0" encoding="UTF-8"?>
<objects serializationModel="Studio.01.10.00">
    <object class="MixerGroup" id="{52d79f87-b8ae-49f8-9b8f-0623798fe5c0}">
        <property name="name">
            <value>05_mirror_temple</value>
        </property>
        <relationship name="effectChain">
            <destination>{ae4593cc-1a35-4082-9e95-f663fb6f9904}</destination>
        </relationship>
        <relationship name="panner">
            <destination>{23d319cc-72d8-4733-bf50-aca50662ed86}</destination>
        </relationship>
        <relationship name="output">
            <destination>{2677ced7-94e4-44e2-9f5a-74aaeda5ab63}</destination>
        </relationship>
    </object>
    <object class="MixerBusEffectChain" id="{ae4593cc-1a35-4082-9e95-f663fb6f9904}">
        <relationship name="effects">
            <destination>{16b23212-811d-4e56-b2bb-22ca7e7be6ca}</destination>
        </relationship>
    </object>
    <object class="MixerBusPanner" id="{23d319cc-72d8-4733-bf50-aca50662ed86}"/>
    <object class="MixerBusFader" id="{16b23212-811d-4e56-b2bb-22ca7e7be6ca}"/>
</objects>
