<?xml version="1.0" encoding="UTF-8"?>
<objects serializationModel="Studio.01.10.00">
    <object class="MixerGroup" id="{537a0457-23d1-4dfa-84ee-a9a0a89091f0}">
        <property name="name">
            <value>04_cliffside</value>
        </property>
        <relationship name="effectChain">
            <destination>{e90ec30a-67ff-4a76-81c5-88076c25761b}</destination>
        </relationship>
        <relationship name="panner">
            <destination>{1e670057-7e76-4c6a-9bf2-d7e777e4b63d}</destination>
        </relationship>
        <relationship name="output">
            <destination>{2677ced7-94e4-44e2-9f5a-74aaeda5ab63}</destination>
        </relationship>
    </object>
    <object class="MixerBusEffectChain" id="{e90ec30a-67ff-4a76-81c5-88076c25761b}">
        <relationship name="effects">
            <destination>{78e48ede-f710-410e-aa10-89fdc294cd91}</destination>
        </relationship>
    </object>
    <object class="MixerBusPanner" id="{1e670057-7e76-4c6a-9bf2-d7e777e4b63d}"/>
    <object class="MixerBusFader" id="{78e48ede-f710-410e-aa10-89fdc294cd91}"/>
</objects>
