<?xml version="1.0" encoding="UTF-8"?>
<objects serializationModel="Studio.01.10.00">
    <object class="MixerGroup" id="{54bd4bc0-f511-416f-8629-a7abba53f460}">
        <property name="name">
            <value>birdbros_finish</value>
        </property>
        <relationship name="effectChain">
            <destination>{4f8a97ee-3633-4115-b5b7-77cfb5d34620}</destination>
        </relationship>
        <relationship name="panner">
            <destination>{9f2bd174-2ab7-46d5-bef4-998fe225912f}</destination>
        </relationship>
        <relationship name="output">
            <destination>{5820993d-7e39-4b2a-a2e7-9cd902543ad1}</destination>
        </relationship>
    </object>
    <object class="MixerBusEffectChain" id="{4f8a97ee-3633-4115-b5b7-77cfb5d34620}">
        <relationship name="effects">
            <destination>{425943d3-7237-42c3-9a7d-975c075bf48a}</destination>
        </relationship>
    </object>
    <object class="MixerBusPanner" id="{9f2bd174-2ab7-46d5-bef4-998fe225912f}"/>
    <object class="MixerBusFader" id="{425943d3-7237-42c3-9a7d-975c075bf48a}"/>
</objects>
