<?xml version="1.0" encoding="UTF-8"?>
<objects serializationModel="Studio.01.10.00">
    <object class="MixerGroup" id="{55e7d588-47a3-441a-add3-f8a793212d75}">
        <property name="name">
            <value>00_prologue</value>
        </property>
        <relationship name="effectChain">
            <destination>{58756de2-8f0a-4dcf-a3ff-ff7aefe1ea13}</destination>
        </relationship>
        <relationship name="panner">
            <destination>{04eb7eb3-403c-4210-9974-b800b072c8df}</destination>
        </relationship>
        <relationship name="output">
            <destination>{6e4f0c21-c551-48a4-828e-b7ea3816b42d}</destination>
        </relationship>
    </object>
    <object class="MixerBusEffectChain" id="{58756de2-8f0a-4dcf-a3ff-ff7aefe1ea13}">
        <relationship name="effects">
            <destination>{50e71173-e4a1-4624-b3a3-3af37368cce4}</destination>
        </relationship>
    </object>
    <object class="MixerBusPanner" id="{04eb7eb3-403c-4210-9974-b800b072c8df}"/>
    <object class="MixerBusFader" id="{50e71173-e4a1-4624-b3a3-3af37368cce4}"/>
</objects>
