<?xml version="1.0" encoding="UTF-8"?>
<objects serializationModel="Studio.01.10.00">
    <object class="MixerGroup" id="{5820993d-7e39-4b2a-a2e7-9cd902543ad1}">
        <property name="name">
            <value>01_forsaken_city</value>
        </property>
        <relationship name="effectChain">
            <destination>{7343e861-076f-4c55-847b-75b8b25d3726}</destination>
        </relationship>
        <relationship name="panner">
            <destination>{3bce10c1-2e47-421b-b91f-2f586535a44f}</destination>
        </relationship>
        <relationship name="output">
            <destination>{6e4f0c21-c551-48a4-828e-b7ea3816b42d}</destination>
        </relationship>
    </object>
    <object class="MixerBusEffectChain" id="{7343e861-076f-4c55-847b-75b8b25d3726}">
        <relationship name="effects">
            <destination>{82361f4d-39bb-4ea5-b259-631bc8cf7927}</destination>
        </relationship>
    </object>
    <object class="MixerBusPanner" id="{3bce10c1-2e47-421b-b91f-2f586535a44f}"/>
    <object class="MixerBusFader" id="{82361f4d-39bb-4ea5-b259-631bc8cf7927}"/>
</objects>
