<?xml version="1.0" encoding="UTF-8"?>
<objects serializationModel="Studio.01.10.00">
    <object class="MixerGroup" id="{59256484-66d5-4ec4-9639-208cf82dfcbf}">
        <property name="name">
            <value>ui_sfx</value>
        </property>
        <relationship name="masters">
            <destination>{8d7cf364-00af-4b77-8298-c64b484c5ea4}</destination>
        </relationship>
        <relationship name="effectChain">
            <destination>{7d3826ad-0041-4414-b3e3-5987790bea67}</destination>
        </relationship>
        <relationship name="panner">
            <destination>{74036e90-78a9-4d70-bb4b-8d440d36bee0}</destination>
        </relationship>
        <relationship name="output">
            <destination>{c7aad72f-9796-42d3-980b-d093fd765716}</destination>
        </relationship>
    </object>
    <object class="MixerBusEffectChain" id="{7d3826ad-0041-4414-b3e3-5987790bea67}">
        <relationship name="effects">
            <destination>{7c8eb7a2-96fb-4e9c-93a5-9e00137542af}</destination>
        </relationship>
    </object>
    <object class="MixerBusPanner" id="{74036e90-78a9-4d70-bb4b-8d440d36bee0}"/>
    <object class="MixerBusFader" id="{7c8eb7a2-96fb-4e9c-93a5-9e00137542af}"/>
</objects>
