<?xml version="1.0" encoding="UTF-8"?>
<objects serializationModel="Studio.01.10.00">
    <object class="MixerGroup" id="{69a539a8-37d8-4e24-979b-291077c574a9}">
        <property name="name">
            <value>00_prologue</value>
        </property>
        <relationship name="effectChain">
            <destination>{56cdb3a1-8556-48a9-bef0-b45c3e4b7bdd}</destination>
        </relationship>
        <relationship name="panner">
            <destination>{b4ced8dd-1316-4544-b513-dd79e9c51fe9}</destination>
        </relationship>
        <relationship name="output">
            <destination>{2677ced7-94e4-44e2-9f5a-74aaeda5ab63}</destination>
        </relationship>
    </object>
    <object class="MixerBusEffectChain" id="{56cdb3a1-8556-48a9-bef0-b45c3e4b7bdd}">
        <relationship name="effects">
            <destination>{99b445d4-2626-4aaf-99a1-ea77302e1ac3}</destination>
        </relationship>
    </object>
    <object class="MixerBusPanner" id="{b4ced8dd-1316-4544-b513-dd79e9c51fe9}"/>
    <object class="MixerBusFader" id="{99b445d4-2626-4aaf-99a1-ea77302e1ac3}"/>
</objects>
