<?xml version="1.0" encoding="UTF-8"?>
<objects serializationModel="Studio.01.10.00">
    <object class="MixerGroup" id="{6a55c92f-3eba-4f8c-b8cf-d70c7e200cb4}">
        <property name="name">
            <value>lvl8</value>
        </property>
        <relationship name="effectChain">
            <destination>{43a03140-b8a3-4621-b6f6-a49679853ce6}</destination>
        </relationship>
        <relationship name="panner">
            <destination>{cc8c1a7d-2b60-4e0d-918f-a4dedb76dbe9}</destination>
        </relationship>
        <relationship name="output">
            <destination>{7429d822-1e68-4251-9907-6d4e8d14a82e}</destination>
        </relationship>
    </object>
    <object class="MixerBusEffectChain" id="{43a03140-b8a3-4621-b6f6-a49679853ce6}">
        <relationship name="effects">
            <destination>{9fafa8bf-8ce8-4163-9374-cbdcbdf1e886}</destination>
        </relationship>
    </object>
    <object class="MixerBusPanner" id="{cc8c1a7d-2b60-4e0d-918f-a4dedb76dbe9}"/>
    <object class="MixerBusFader" id="{9fafa8bf-8ce8-4163-9374-cbdcbdf1e886}"/>
</objects>
