<?xml version="1.0" encoding="UTF-8"?>
<objects serializationModel="Studio.01.10.00">
    <object class="MixerGroup" id="{6e3ad52b-f7d9-482d-8970-c157ebc1d716}">
        <property name="name">
            <value>no_pause</value>
        </property>
        <relationship name="effectChain">
            <destination>{30d99e8f-aecd-4137-9332-24267f61c2ec}</destination>
        </relationship>
        <relationship name="panner">
            <destination>{daedcb89-fdaa-4781-8c9d-4579aef357c6}</destination>
        </relationship>
        <relationship name="output">
            <destination>{c56ef299-cdcd-4782-a645-c8ba138ae994}</destination>
        </relationship>
    </object>
    <object class="MixerBusEffectChain" id="{30d99e8f-aecd-4137-9332-24267f61c2ec}">
        <relationship name="effects">
            <destination>{b3b91fb1-c0ad-4d87-9ac7-fe3446369e8e}</destination>
        </relationship>
    </object>
    <object class="MixerBusPanner" id="{daedcb89-fdaa-4781-8c9d-4579aef357c6}"/>
    <object class="MixerBusFader" id="{b3b91fb1-c0ad-4d87-9ac7-fe3446369e8e}"/>
</objects>
