<?xml version="1.0" encoding="UTF-8"?>
<objects serializationModel="Studio.01.10.00">
    <object class="MixerGroup" id="{71710caf-9227-413f-ac6a-261cf6e0cb5b}">
        <property name="name">
            <value>shared_local</value>
        </property>
        <relationship name="effectChain">
            <destination>{df1d0620-e304-42e8-ab7d-ac533c15a34c}</destination>
        </relationship>
        <relationship name="panner">
            <destination>{b8cb0aae-9772-4247-ab20-f5088d8ad81b}</destination>
        </relationship>
        <relationship name="output">
            <destination>{2677ced7-94e4-44e2-9f5a-74aaeda5ab63}</destination>
        </relationship>
    </object>
    <object class="MixerBusEffectChain" id="{df1d0620-e304-42e8-ab7d-ac533c15a34c}">
        <relationship name="effects">
            <destination>{12847ba5-b66d-4de0-a37d-ac8567a49666}</destination>
        </relationship>
    </object>
    <object class="MixerBusPanner" id="{b8cb0aae-9772-4247-ab20-f5088d8ad81b}"/>
    <object class="MixerBusFader" id="{12847ba5-b66d-4de0-a37d-ac8567a49666}"/>
</objects>
