<?xml version="1.0" encoding="UTF-8"?>
<objects serializationModel="Studio.01.10.00">
    <object class="MixerGroup" id="{724d852b-c1ab-4aa4-b2b1-c13d3b299928}">
        <property name="name">
            <value>worldmap_whoosh</value>
        </property>
        <property name="maxInstances">
            <value>1</value>
        </property>
        <relationship name="effectChain">
            <destination>{61415979-5ac2-4724-af4d-97bb836fce28}</destination>
        </relationship>
        <relationship name="panner">
            <destination>{2c45b1fa-f63f-4387-b4fe-84ea3fd8bbf7}</destination>
        </relationship>
        <relationship name="output">
            <destination>{59256484-66d5-4ec4-9639-208cf82dfcbf}</destination>
        </relationship>
    </object>
    <object class="MixerBusEffectChain" id="{61415979-5ac2-4724-af4d-97bb836fce28}">
        <relationship name="effects">
            <destination>{79bc0c64-d1db-4ffe-a846-b33d76ac9ae1}</destination>
        </relationship>
    </object>
    <object class="MixerBusPanner" id="{2c45b1fa-f63f-4387-b4fe-84ea3fd8bbf7}"/>
    <object class="MixerBusFader" id="{79bc0c64-d1db-4ffe-a846-b33d76ac9ae1}"/>
</objects>
