<?xml version="1.0" encoding="UTF-8"?>
<objects serializationModel="Studio.01.10.00">
    <object class="MixerGroup" id="{7429d822-1e68-4251-9907-6d4e8d14a82e}">
        <property name="name">
            <value>mains</value>
        </property>
        <relationship name="effectChain">
            <destination>{e6d8eabd-afdb-42e5-b0ee-4ebc2e2969dd}</destination>
        </relationship>
        <relationship name="panner">
            <destination>{376e8bc8-4a92-4a71-a638-8ff6ff9a1db4}</destination>
        </relationship>
        <relationship name="output">
            <destination>{035161f3-528e-4896-9238-683d2f3d60f1}</destination>
        </relationship>
    </object>
    <object class="MixerBusEffectChain" id="{e6d8eabd-afdb-42e5-b0ee-4ebc2e2969dd}">
        <relationship name="effects">
            <destination>{6cffa45e-a398-4b26-ac49-d90e646f59b0}</destination>
        </relationship>
    </object>
    <object class="MixerBusPanner" id="{376e8bc8-4a92-4a71-a638-8ff6ff9a1db4}"/>
    <object class="MixerBusFader" id="{6cffa45e-a398-4b26-ac49-d90e646f59b0}"/>
</objects>
