<?xml version="1.0" encoding="UTF-8"?>
<objects serializationModel="Studio.01.10.00">
    <object class="MixerGroup" id="{7bd1184c-7ddc-4175-bc87-a2b111b031a9}">
        <property name="name">
            <value>madeline</value>
        </property>
        <relationship name="effectChain">
            <destination>{74cc3a1f-d543-4fff-a395-db27fc0fde9f}</destination>
        </relationship>
        <relationship name="panner">
            <destination>{30537bb0-032c-406f-b7a0-649b31dcd114}</destination>
        </relationship>
        <relationship name="output">
            <destination>{d3031014-2f55-4036-904a-070ba37ba6df}</destination>
        </relationship>
    </object>
    <object class="MixerBusEffectChain" id="{74cc3a1f-d543-4fff-a395-db27fc0fde9f}">
        <relationship name="effects">
            <destination>{c10a1686-4a78-4e1f-9285-677a3c2aec61}</destination>
        </relationship>
    </object>
    <object class="MixerBusPanner" id="{30537bb0-032c-406f-b7a0-649b31dcd114}"/>
    <object class="MixerBusFader" id="{c10a1686-4a78-4e1f-9285-677a3c2aec61}"/>
</objects>
