<?xml version="1.0" encoding="UTF-8"?>
<objects serializationModel="Studio.01.10.00">
    <object class="MixerGroup" id="{7eab4c86-6346-457f-a497-c4464651f92c}">
        <property name="name">
            <value>05_mirror_temple</value>
        </property>
        <relationship name="effectChain">
            <destination>{cdf3f548-2b8a-4d2c-8722-4f2b70bbd539}</destination>
        </relationship>
        <relationship name="panner">
            <destination>{a6392f45-a9a0-419d-a6ba-afd92d76a2f6}</destination>
        </relationship>
        <relationship name="output">
            <destination>{6e4f0c21-c551-48a4-828e-b7ea3816b42d}</destination>
        </relationship>
    </object>
    <object class="MixerBusEffectChain" id="{cdf3f548-2b8a-4d2c-8722-4f2b70bbd539}">
        <relationship name="effects">
            <destination>{089bf2fa-464b-46d4-a60b-c6cac4288968}</destination>
        </relationship>
    </object>
    <object class="MixerBusPanner" id="{a6392f45-a9a0-419d-a6ba-afd92d76a2f6}"/>
    <object class="MixerBusFader" id="{089bf2fa-464b-46d4-a60b-c6cac4288968}"/>
</objects>
