<?xml version="1.0" encoding="UTF-8"?>
<objects serializationModel="Studio.01.10.00">
    <object class="MixerGroup" id="{80173d30-4942-4abb-81e7-999ad33a9c18}">
        <property name="name">
            <value>yes_pause</value>
        </property>
        <relationship name="effectChain">
            <destination>{62a54ed7-1e71-439f-a107-f11d27be88f1}</destination>
        </relationship>
        <relationship name="panner">
            <destination>{ac0e27a5-a2bb-4a32-af58-fe373e8746f9}</destination>
        </relationship>
        <relationship name="output">
            <destination>{c56ef299-cdcd-4782-a645-c8ba138ae994}</destination>
        </relationship>
    </object>
    <object class="MixerBusEffectChain" id="{62a54ed7-1e71-439f-a107-f11d27be88f1}">
        <relationship name="effects">
            <destination>{607ced49-a679-4a1b-8564-cfff29d85204}</destination>
        </relationship>
    </object>
    <object class="MixerBusPanner" id="{ac0e27a5-a2bb-4a32-af58-fe373e8746f9}"/>
    <object class="MixerBusFader" id="{607ced49-a679-4a1b-8564-cfff29d85204}"/>
</objects>
