<?xml version="1.0" encoding="UTF-8"?>
<objects serializationModel="Studio.01.10.00">
    <object class="MixerGroup" id="{8087939b-55de-4834-a7ec-2b62741a1099}">
        <property name="name">
            <value>campfire_loop</value>
        </property>
        <relationship name="effectChain">
            <destination>{e57d278b-05be-4c74-9d17-10239a76ffbf}</destination>
        </relationship>
        <relationship name="panner">
            <destination>{4939696e-6022-43f0-85ea-02ab48807c26}</destination>
        </relationship>
        <relationship name="output">
            <destination>{71710caf-9227-413f-ac6a-261cf6e0cb5b}</destination>
        </relationship>
    </object>
    <object class="MixerBusEffectChain" id="{e57d278b-05be-4c74-9d17-10239a76ffbf}">
        <relationship name="effects">
            <destination>{509b7863-d5e0-4db4-a39b-57c54c7da3bf}</destination>
        </relationship>
    </object>
    <object class="MixerBusPanner" id="{4939696e-6022-43f0-85ea-02ab48807c26}"/>
    <object class="MixerBusFader" id="{509b7863-d5e0-4db4-a39b-57c54c7da3bf}"/>
</objects>
