<?xml version="1.0" encoding="UTF-8"?>
<objects serializationModel="Studio.01.10.00">
    <object class="MixerGroup" id="{82beff30-ccff-40bf-9e07-5a1cd2978856}">
        <property name="name">
            <value>main</value>
        </property>
        <relationship name="effectChain">
            <destination>{bbc570db-116b-4fca-906a-2bf1e3f83a22}</destination>
        </relationship>
        <relationship name="panner">
            <destination>{1fd30657-6f10-4ffc-b09a-d9c7ba3f1f99}</destination>
        </relationship>
        <relationship name="output">
            <destination>{24502313-f693-41bd-8fbb-b570e73b730d}</destination>
        </relationship>
    </object>
    <object class="MixerBusEffectChain" id="{bbc570db-116b-4fca-906a-2bf1e3f83a22}">
        <relationship name="effects">
            <destination>{3501f4f8-4f7d-4f05-887b-0d9f48b96a1d}</destination>
        </relationship>
    </object>
    <object class="MixerBusPanner" id="{1fd30657-6f10-4ffc-b09a-d9c7ba3f1f99}"/>
    <object class="MixerBusFader" id="{3501f4f8-4f7d-4f05-887b-0d9f48b96a1d}"/>
</objects>
