<?xml version="1.0" encoding="UTF-8"?>
<objects serializationModel="Studio.01.10.00">
    <object class="MixerGroup" id="{8801307f-ec10-47f5-b1e6-bd4209b925a5}">
        <property name="name">
            <value>pico8_room</value>
        </property>
        <relationship name="effectChain">
            <destination>{f3cd18da-552c-425e-809e-c8ac40faa5d1}</destination>
        </relationship>
        <relationship name="panner">
            <destination>{87789515-857c-4482-946f-714d778db6d4}</destination>
        </relationship>
        <relationship name="output">
            <destination>{24502313-f693-41bd-8fbb-b570e73b730d}</destination>
        </relationship>
    </object>
    <object class="MixerBusEffectChain" id="{f3cd18da-552c-425e-809e-c8ac40faa5d1}">
        <relationship name="effects">
            <destination>{aad66d66-c6a3-4e0c-b58a-d4743989eb75}</destination>
        </relationship>
    </object>
    <object class="MixerBusPanner" id="{87789515-857c-4482-946f-714d778db6d4}"/>
    <object class="MixerBusFader" id="{aad66d66-c6a3-4e0c-b58a-d4743989eb75}"/>
</objects>
