<?xml version="1.0" encoding="UTF-8"?>
<objects serializationModel="Studio.01.10.00">
    <object class="MixerGroup" id="{8842a7ec-7a4c-432c-be20-64074839636d}">
        <property name="name">
            <value>fakeheart</value>
        </property>
        <relationship name="effectChain">
            <destination>{698e2d5a-6e1c-4312-8933-41ab4885bd40}</destination>
        </relationship>
        <relationship name="panner">
            <destination>{89f41552-c9ab-44fd-996b-cf35ad1a2f24}</destination>
        </relationship>
        <relationship name="output">
            <destination>{dac56484-a3d4-47be-8c8e-38ecce68acc8}</destination>
        </relationship>
    </object>
    <object class="MixerBusEffectChain" id="{698e2d5a-6e1c-4312-8933-41ab4885bd40}">
        <relationship name="effects">
            <destination>{8af53ceb-96ac-42e6-8946-845ba3655274}</destination>
        </relationship>
    </object>
    <object class="MixerBusPanner" id="{89f41552-c9ab-44fd-996b-cf35ad1a2f24}"/>
    <object class="MixerBusFader" id="{8af53ceb-96ac-42e6-8946-845ba3655274}"/>
</objects>
