<?xml version="1.0" encoding="UTF-8"?>
<objects serializationModel="Studio.01.10.00">
    <object class="MixerGroup" id="{898234ab-6340-4783-9dda-de3e6a4b1c58}">
        <property name="name">
            <value>lvl6</value>
        </property>
        <relationship name="effectChain">
            <destination>{fe3d49c5-a447-43f9-867e-00d6d7329ced}</destination>
        </relationship>
        <relationship name="panner">
            <destination>{b7b28932-cd44-4856-b1cb-753ea02ca4c5}</destination>
        </relationship>
        <relationship name="output">
            <destination>{7429d822-1e68-4251-9907-6d4e8d14a82e}</destination>
        </relationship>
    </object>
    <object class="MixerBusEffectChain" id="{fe3d49c5-a447-43f9-867e-00d6d7329ced}">
        <relationship name="effects">
            <destination>{ece85a20-2e44-4dca-9119-472703d69074}</destination>
        </relationship>
    </object>
    <object class="MixerBusPanner" id="{b7b28932-cd44-4856-b1cb-753ea02ca4c5}"/>
    <object class="MixerBusFader" id="{ece85a20-2e44-4dca-9119-472703d69074}"/>
</objects>
