<?xml version="1.0" encoding="UTF-8"?>
<objects serializationModel="Studio.01.10.00">
    <object class="MixerGroup" id="{8ca23161-65dd-4d81-a97c-003d515b3062}">
        <property name="name">
            <value>part01</value>
        </property>
        <relationship name="effectChain">
            <destination>{20d0bb81-e2cd-4974-b653-bea2276ff777}</destination>
        </relationship>
        <relationship name="panner">
            <destination>{c4097b10-97ea-407e-a959-03e7f7c36077}</destination>
        </relationship>
        <relationship name="output">
            <destination>{e4123d5a-7c10-4871-bbfb-72c4fd63f2ee}</destination>
        </relationship>
    </object>
    <object class="MixerBusEffectChain" id="{20d0bb81-e2cd-4974-b653-bea2276ff777}">
        <relationship name="effects">
            <destination>{62674b65-500f-4bc0-a030-58781d2e3ded}</destination>
        </relationship>
    </object>
    <object class="MixerBusPanner" id="{c4097b10-97ea-407e-a959-03e7f7c36077}"/>
    <object class="MixerBusFader" id="{62674b65-500f-4bc0-a030-58781d2e3ded}"/>
</objects>
