<?xml version="1.0" encoding="UTF-8"?>
<objects serializationModel="Studio.01.10.00">
    <object class="MixerGroup" id="{913b4578-2371-417d-a413-90806a14a9c8}">
        <property name="name">
            <value>06_reflection</value>
        </property>
        <relationship name="effectChain">
            <destination>{f459faf7-1d21-48ff-9edf-a93639e46ee1}</destination>
        </relationship>
        <relationship name="panner">
            <destination>{6de9a0a3-bb09-494f-ba8e-b6d5455db8b5}</destination>
        </relationship>
        <relationship name="output">
            <destination>{6e4f0c21-c551-48a4-828e-b7ea3816b42d}</destination>
        </relationship>
    </object>
    <object class="MixerBusEffectChain" id="{f459faf7-1d21-48ff-9edf-a93639e46ee1}">
        <relationship name="effects">
            <destination>{cd773b24-de23-445a-890a-8730c2698b01}</destination>
        </relationship>
    </object>
    <object class="MixerBusPanner" id="{6de9a0a3-bb09-494f-ba8e-b6d5455db8b5}"/>
    <object class="MixerBusFader" id="{cd773b24-de23-445a-890a-8730c2698b01}"/>
</objects>
