<?xml version="1.0" encoding="UTF-8"?>
<objects serializationModel="Studio.01.10.00">
    <object class="MixerGroup" id="{99c3166e-4555-4140-b041-0a237a13fca7}">
        <property name="name">
            <value>theo</value>
        </property>
        <relationship name="effectChain">
            <destination>{cc2e179b-9817-426c-a2a1-310034544b3e}</destination>
        </relationship>
        <relationship name="panner">
            <destination>{60675a6a-7c90-417e-9d1f-5707f452eaff}</destination>
        </relationship>
        <relationship name="output">
            <destination>{d3031014-2f55-4036-904a-070ba37ba6df}</destination>
        </relationship>
    </object>
    <object class="MixerBusEffectChain" id="{cc2e179b-9817-426c-a2a1-310034544b3e}">
        <relationship name="effects">
            <destination>{f7d23052-5cb9-469e-9f0c-4b088621801d}</destination>
        </relationship>
    </object>
    <object class="MixerBusPanner" id="{60675a6a-7c90-417e-9d1f-5707f452eaff}"/>
    <object class="MixerBusFader" id="{f7d23052-5cb9-469e-9f0c-4b088621801d}"/>
</objects>
