<?xml version="1.0" encoding="UTF-8"?>
<objects serializationModel="Studio.01.10.00">
    <object class="MixerGroup" id="{9b8177d0-ae29-4cb1-93e6-c584b54b3804}">
        <property name="name">
            <value>badeline</value>
        </property>
        <relationship name="effectChain">
            <destination>{e66160fc-cd07-4533-94a7-e84ea227bb21}</destination>
        </relationship>
        <relationship name="panner">
            <destination>{0d65094e-3151-42ff-9549-4f6bc4a1f431}</destination>
        </relationship>
        <relationship name="output">
            <destination>{d3031014-2f55-4036-904a-070ba37ba6df}</destination>
        </relationship>
    </object>
    <object class="MixerBusEffectChain" id="{e66160fc-cd07-4533-94a7-e84ea227bb21}">
        <relationship name="effects">
            <destination>{36e6bdf8-430c-4e14-8231-5dcc1c8f0ed2}</destination>
        </relationship>
    </object>
    <object class="MixerBusPanner" id="{0d65094e-3151-42ff-9549-4f6bc4a1f431}"/>
    <object class="MixerBusFader" id="{36e6bdf8-430c-4e14-8231-5dcc1c8f0ed2}"/>
</objects>
