<?xml version="1.0" encoding="UTF-8"?>
<objects serializationModel="Studio.01.10.00">
    <object class="MixerGroup" id="{9e955e67-8d57-413c-a8ff-a52760f97355}">
        <property name="name">
            <value>02_old_site</value>
        </property>
        <relationship name="effectChain">
            <destination>{f1a47aed-160e-45f9-8cb7-fa88b2100b1c}</destination>
        </relationship>
        <relationship name="panner">
            <destination>{e27d961e-6f3c-4b70-b02a-b829952c3c3b}</destination>
        </relationship>
        <relationship name="output">
            <destination>{2677ced7-94e4-44e2-9f5a-74aaeda5ab63}</destination>
        </relationship>
    </object>
    <object class="MixerBusEffectChain" id="{f1a47aed-160e-45f9-8cb7-fa88b2100b1c}">
        <relationship name="effects">
            <destination>{af34672e-4ad0-4b43-bfd4-b1ef6b3f0721}</destination>
        </relationship>
    </object>
    <object class="MixerBusPanner" id="{e27d961e-6f3c-4b70-b02a-b829952c3c3b}"/>
    <object class="MixerBusFader" id="{af34672e-4ad0-4b43-bfd4-b1ef6b3f0721}"/>
</objects>
