<?xml version="1.0" encoding="UTF-8"?>
<objects serializationModel="Studio.01.10.00">
    <object class="MixerGroup" id="{a40f9839-9900-436a-b1ab-566f86dfde57}">
        <property name="volume">
            <value>-80</value>
        </property>
        <property name="name">
            <value>cafe_computer_sfx</value>
        </property>
        <relationship name="effectChain">
            <destination>{f4cf5d2d-6407-4cd7-84c9-864bdc7ee97b}</destination>
        </relationship>
        <relationship name="panner">
            <destination>{0970089a-3cf5-4cd7-9054-39273c30b0dd}</destination>
        </relationship>
        <relationship name="output">
            <destination>{2219f267-26c7-4a3c-bc90-148c7cb385c9}</destination>
        </relationship>
    </object>
    <object class="MixerBusEffectChain" id="{f4cf5d2d-6407-4cd7-84c9-864bdc7ee97b}">
        <relationship name="effects">
            <destination>{bf23ff1b-69f6-4ebd-8916-cbddb87e2366}</destination>
        </relationship>
    </object>
    <object class="MixerBusPanner" id="{0970089a-3cf5-4cd7-9054-39273c30b0dd}"/>
    <object class="MixerBusFader" id="{bf23ff1b-69f6-4ebd-8916-cbddb87e2366}"/>
</objects>
