<?xml version="1.0" encoding="UTF-8"?>
<objects serializationModel="Studio.01.10.00">
    <object class="MixerGroup" id="{a98d0a0f-3a46-4300-b387-c39f0db5d47e}">
        <property name="name">
            <value>10_farewell</value>
        </property>
        <relationship name="effectChain">
            <destination>{d4e25767-bcaa-4c4d-8b7e-9f6de9d21b61}</destination>
        </relationship>
        <relationship name="panner">
            <destination>{c716dd7e-d932-4c17-a84b-1858d5ee832b}</destination>
        </relationship>
        <relationship name="output">
            <destination>{2677ced7-94e4-44e2-9f5a-74aaeda5ab63}</destination>
        </relationship>
    </object>
    <object class="MixerBusEffectChain" id="{d4e25767-bcaa-4c4d-8b7e-9f6de9d21b61}">
        <relationship name="effects">
            <destination>{45d9325a-149f-4819-a7f8-09d9e2a7ba13}</destination>
        </relationship>
    </object>
    <object class="MixerBusPanner" id="{c716dd7e-d932-4c17-a84b-1858d5ee832b}"/>
    <object class="MixerBusFader" id="{45d9325a-149f-4819-a7f8-09d9e2a7ba13}"/>
</objects>
