<?xml version="1.0" encoding="UTF-8"?>
<objects serializationModel="Studio.01.10.00">
    <object class="MixerGroup" id="{ab63552e-0d56-46cb-82f3-277df8c07c7b}">
        <property name="name">
            <value>glitches</value>
        </property>
        <relationship name="effectChain">
            <destination>{f1f9038f-406d-499e-ad79-719352e4aeca}</destination>
        </relationship>
        <relationship name="panner">
            <destination>{1a45a080-391e-4e97-afa6-450fb80ce656}</destination>
        </relationship>
        <relationship name="output">
            <destination>{0dfbeb74-7020-4dfa-9cc8-fa85dd157aa1}</destination>
        </relationship>
    </object>
    <object class="MixerBusEffectChain" id="{f1f9038f-406d-499e-ad79-719352e4aeca}">
        <relationship name="effects">
            <destination>{bc1b8614-5698-4aaf-9675-a41b7064e89f}</destination>
        </relationship>
    </object>
    <object class="MixerBusPanner" id="{1a45a080-391e-4e97-afa6-450fb80ce656}"/>
    <object class="MixerBusFader" id="{bc1b8614-5698-4aaf-9675-a41b7064e89f}"/>
</objects>
