<?xml version="1.0" encoding="UTF-8"?>
<objects serializationModel="Studio.01.10.00">
    <object class="MixerGroup" id="{ad993587-e7fc-427f-95b0-3a8204f772a7}">
        <property name="name">
            <value>strawberry_pulse</value>
        </property>
        <relationship name="effectChain">
            <destination>{f8a60122-6b44-4655-b42d-aac74e98ab89}</destination>
        </relationship>
        <relationship name="panner">
            <destination>{d364bdf8-9133-4d8b-a548-3eda5ba992e7}</destination>
        </relationship>
        <relationship name="output">
            <destination>{80173d30-4942-4abb-81e7-999ad33a9c18}</destination>
        </relationship>
    </object>
    <object class="MixerBusEffectChain" id="{f8a60122-6b44-4655-b42d-aac74e98ab89}">
        <relationship name="effects">
            <destination>{3a143dbc-a5f4-4f66-a94a-3b3f54016ac3}</destination>
        </relationship>
    </object>
    <object class="MixerBusPanner" id="{d364bdf8-9133-4d8b-a548-3eda5ba992e7}"/>
    <object class="MixerBusFader" id="{3a143dbc-a5f4-4f66-a94a-3b3f54016ac3}"/>
</objects>
