<?xml version="1.0" encoding="UTF-8"?>
<objects serializationModel="Studio.01.10.00">
    <object class="MixerGroup" id="{ae8c943a-7d3c-4e7f-a225-e98315a401e4}">
        <property name="name">
            <value>cassette</value>
        </property>
        <relationship name="effectChain">
            <destination>{88561618-1c95-4912-9476-344f7965430a}</destination>
        </relationship>
        <relationship name="panner">
            <destination>{87274783-2802-4350-80b1-841503eaf834}</destination>
        </relationship>
        <relationship name="output">
            <destination>{035161f3-528e-4896-9238-683d2f3d60f1}</destination>
        </relationship>
    </object>
    <object class="MixerBusEffectChain" id="{88561618-1c95-4912-9476-344f7965430a}">
        <relationship name="effects">
            <destination>{1621c04e-28e2-49a2-9770-6cd2ae236d5e}</destination>
        </relationship>
    </object>
    <object class="MixerBusPanner" id="{87274783-2802-4350-80b1-841503eaf834}"/>
    <object class="MixerBusFader" id="{1621c04e-28e2-49a2-9770-6cd2ae236d5e}"/>
</objects>
