<?xml version="1.0" encoding="UTF-8"?>
<objects serializationModel="Studio.01.10.00">
    <object class="MixerGroup" id="{b2c12b19-7dc1-4872-90da-653b17ebd258}">
        <property name="name">
            <value>part02</value>
        </property>
        <relationship name="effectChain">
            <destination>{186cfeb3-1469-4532-ad2b-c747e115d4fc}</destination>
        </relationship>
        <relationship name="panner">
            <destination>{e7f41b86-1f9a-4cc5-b040-4e825476bc77}</destination>
        </relationship>
        <relationship name="output">
            <destination>{e4123d5a-7c10-4871-bbfb-72c4fd63f2ee}</destination>
        </relationship>
    </object>
    <object class="MixerBusEffectChain" id="{186cfeb3-1469-4532-ad2b-c747e115d4fc}">
        <relationship name="effects">
            <destination>{675f9902-9091-430a-ae79-6fd47a9d31d9}</destination>
        </relationship>
    </object>
    <object class="MixerBusPanner" id="{e7f41b86-1f9a-4cc5-b040-4e825476bc77}"/>
    <object class="MixerBusFader" id="{675f9902-9091-430a-ae79-6fd47a9d31d9}"/>
</objects>
