<?xml version="1.0" encoding="UTF-8"?>
<objects serializationModel="Studio.01.10.00">
    <object class="MixerGroup" id="{b3c415b6-811f-43cf-a1f5-4f979596f23f}">
        <property name="name">
            <value>lvl7</value>
        </property>
        <relationship name="effectChain">
            <destination>{250f2909-95a8-42d8-b8b8-db433fa9ae50}</destination>
        </relationship>
        <relationship name="panner">
            <destination>{0783bdc6-9c40-4f12-98ed-1b942ed1fcb3}</destination>
        </relationship>
        <relationship name="output">
            <destination>{7429d822-1e68-4251-9907-6d4e8d14a82e}</destination>
        </relationship>
    </object>
    <object class="MixerBusEffectChain" id="{250f2909-95a8-42d8-b8b8-db433fa9ae50}">
        <relationship name="effects">
            <destination>{a0511bf1-c046-4827-81ae-101bb0182a24}</destination>
        </relationship>
    </object>
    <object class="MixerBusPanner" id="{0783bdc6-9c40-4f12-98ed-1b942ed1fcb3}"/>
    <object class="MixerBusFader" id="{a0511bf1-c046-4827-81ae-101bb0182a24}"/>
</objects>
