<?xml version="1.0" encoding="UTF-8"?>
<objects serializationModel="Studio.01.10.00">
    <object class="MixerGroup" id="{b5df4708-d694-4a66-86a4-80f50b898f92}">
        <property name="name">
            <value>lvl0</value>
        </property>
        <relationship name="effectChain">
            <destination>{966cacf0-7d8e-4dff-979d-c0bdae9489da}</destination>
        </relationship>
        <relationship name="panner">
            <destination>{f0cb5ecd-1292-4975-beae-e3cfa64a961e}</destination>
        </relationship>
        <relationship name="output">
            <destination>{7429d822-1e68-4251-9907-6d4e8d14a82e}</destination>
        </relationship>
    </object>
    <object class="MixerBusEffectChain" id="{966cacf0-7d8e-4dff-979d-c0bdae9489da}">
        <relationship name="effects">
            <destination>{4d001048-56bb-4c39-92f9-8443e03e7a4f}</destination>
        </relationship>
    </object>
    <object class="MixerBusPanner" id="{f0cb5ecd-1292-4975-beae-e3cfa64a961e}"/>
    <object class="MixerBusFader" id="{4d001048-56bb-4c39-92f9-8443e03e7a4f}"/>
</objects>
