<?xml version="1.0" encoding="UTF-8"?>
<objects serializationModel="Studio.01.10.00">
    <object class="MixerGroup" id="{b8b28cf3-de11-4a37-ace3-02999b659e63}">
        <property name="name">
            <value>game</value>
        </property>
        <relationship name="effectChain">
            <destination>{4bd5a6c5-393d-4c5a-8d28-1dca0ebc6c34}</destination>
        </relationship>
        <relationship name="panner">
            <destination>{f4f6595a-b87d-455a-b9e5-a85576200170}</destination>
        </relationship>
        <relationship name="output">
            <destination>{59256484-66d5-4ec4-9639-208cf82dfcbf}</destination>
        </relationship>
    </object>
    <object class="MixerBusEffectChain" id="{4bd5a6c5-393d-4c5a-8d28-1dca0ebc6c34}">
        <relationship name="effects">
            <destination>{bbe811e3-b7ac-4632-97bf-7302a302b2ad}</destination>
        </relationship>
    </object>
    <object class="MixerBusPanner" id="{f4f6595a-b87d-455a-b9e5-a85576200170}"/>
    <object class="MixerBusFader" id="{bbe811e3-b7ac-4632-97bf-7302a302b2ad}"/>
</objects>
