<?xml version="1.0" encoding="UTF-8"?>
<objects serializationModel="Studio.01.10.00">
    <object class="MixerGroup" id="{c4112d32-cfdc-4926-82a6-68afc89d352e}">
        <property name="name">
            <value>oshiro</value>
        </property>
        <relationship name="effectChain">
            <destination>{1eaea9f7-1e7f-4df1-a6ed-a3b9fd6b9478}</destination>
        </relationship>
        <relationship name="panner">
            <destination>{3b8cdb5f-63fc-40de-9a06-3b4a6bace366}</destination>
        </relationship>
        <relationship name="output">
            <destination>{d3031014-2f55-4036-904a-070ba37ba6df}</destination>
        </relationship>
    </object>
    <object class="MixerBusEffectChain" id="{1eaea9f7-1e7f-4df1-a6ed-a3b9fd6b9478}">
        <relationship name="effects">
            <destination>{35df6087-2f41-4199-8448-5fb3d94dadfa}</destination>
        </relationship>
    </object>
    <object class="MixerBusPanner" id="{3b8cdb5f-63fc-40de-9a06-3b4a6bace366}"/>
    <object class="MixerBusFader" id="{35df6087-2f41-4199-8448-5fb3d94dadfa}"/>
</objects>
