<?xml version="1.0" encoding="UTF-8"?>
<objects serializationModel="Studio.01.10.00">
    <object class="MixerGroup" id="{c56ef299-cdcd-4782-a645-c8ba138ae994}">
        <property name="name">
            <value>general</value>
        </property>
        <relationship name="effectChain">
            <destination>{cfb1212e-4a44-4d5a-ac65-e8e7a4e82e62}</destination>
        </relationship>
        <relationship name="panner">
            <destination>{4a0f55e1-c416-4355-96e6-312a318307a9}</destination>
        </relationship>
        <relationship name="output">
            <destination>{0dfbeb74-7020-4dfa-9cc8-fa85dd157aa1}</destination>
        </relationship>
    </object>
    <object class="MixerBusEffectChain" id="{cfb1212e-4a44-4d5a-ac65-e8e7a4e82e62}">
        <relationship name="effects">
            <destination>{5fd08cb9-84a9-4fca-b47e-a1b307b240ce}</destination>
        </relationship>
    </object>
    <object class="MixerBusPanner" id="{4a0f55e1-c416-4355-96e6-312a318307a9}"/>
    <object class="MixerBusFader" id="{5fd08cb9-84a9-4fca-b47e-a1b307b240ce}"/>
</objects>
