<?xml version="1.0" encoding="UTF-8"?>
<objects serializationModel="Studio.01.10.00">
    <object class="MixerGroup" id="{ca9f4472-47c9-4528-b4a7-0367eef8b734}">
        <property name="name">
            <value>01_forsaken_city</value>
        </property>
        <relationship name="effectChain">
            <destination>{706595b7-358a-42ae-8d02-f0da3efa6d47}</destination>
        </relationship>
        <relationship name="panner">
            <destination>{3eac3a44-df80-4cf7-8a25-402fec15ad86}</destination>
        </relationship>
        <relationship name="output">
            <destination>{2677ced7-94e4-44e2-9f5a-74aaeda5ab63}</destination>
        </relationship>
    </object>
    <object class="MixerBusEffectChain" id="{706595b7-358a-42ae-8d02-f0da3efa6d47}">
        <relationship name="effects">
            <destination>{66dbc6c8-ed8d-4463-8f6a-c7a714247463}</destination>
        </relationship>
    </object>
    <object class="MixerBusPanner" id="{3eac3a44-df80-4cf7-8a25-402fec15ad86}"/>
    <object class="MixerBusFader" id="{66dbc6c8-ed8d-4463-8f6a-c7a714247463}"/>
</objects>
