<?xml version="1.0" encoding="UTF-8"?>
<objects serializationModel="Studio.01.10.00">
    <object class="MixerGroup" id="{cd8aa47e-bd24-45e3-808c-a0d546f9a915}">
        <property name="name">
            <value>03_resort</value>
        </property>
        <relationship name="effectChain">
            <destination>{c0735a74-5086-4d54-b004-797c65228700}</destination>
        </relationship>
        <relationship name="panner">
            <destination>{352bb50d-6caf-468d-b9dd-265e95ca81ef}</destination>
        </relationship>
        <relationship name="output">
            <destination>{6e4f0c21-c551-48a4-828e-b7ea3816b42d}</destination>
        </relationship>
    </object>
    <object class="MixerBusEffectChain" id="{c0735a74-5086-4d54-b004-797c65228700}">
        <relationship name="effects">
            <destination>{77daffbd-5d6c-44c9-a634-f4e0ecfe1925}</destination>
        </relationship>
    </object>
    <object class="MixerBusPanner" id="{352bb50d-6caf-468d-b9dd-265e95ca81ef}"/>
    <object class="MixerBusFader" id="{77daffbd-5d6c-44c9-a634-f4e0ecfe1925}"/>
</objects>
