<?xml version="1.0" encoding="UTF-8"?>
<objects serializationModel="Studio.01.10.00">
    <object class="MixerGroup" id="{cefe7684-2923-468f-b00b-c5983937e33c}">
        <property name="name">
            <value>09_core</value>
        </property>
        <relationship name="effectChain">
            <destination>{c24f7228-87bf-4c44-a651-23017d984194}</destination>
        </relationship>
        <relationship name="panner">
            <destination>{d17e4d85-b185-4eb5-ac99-e14eff480985}</destination>
        </relationship>
        <relationship name="output">
            <destination>{2677ced7-94e4-44e2-9f5a-74aaeda5ab63}</destination>
        </relationship>
    </object>
    <object class="MixerBusEffectChain" id="{c24f7228-87bf-4c44-a651-23017d984194}">
        <relationship name="effects">
            <destination>{198376b1-1ada-4635-a2c6-fa0ed9c120f9}</destination>
        </relationship>
    </object>
    <object class="MixerBusPanner" id="{d17e4d85-b185-4eb5-ac99-e14eff480985}"/>
    <object class="MixerBusFader" id="{198376b1-1ada-4635-a2c6-fa0ed9c120f9}"/>
</objects>
