<?xml version="1.0" encoding="UTF-8"?>
<objects serializationModel="Studio.01.10.00">
    <object class="MixerGroup" id="{d001d4bf-94bd-4842-bd12-c8d07686ecf3}">
        <property name="name">
            <value>secret_revealed</value>
        </property>
        <relationship name="effectChain">
            <destination>{94d6197b-b86a-4d5c-9c6a-8af5d940626a}</destination>
        </relationship>
        <relationship name="panner">
            <destination>{91b750d3-4907-406f-9318-ca34ca4473d1}</destination>
        </relationship>
        <relationship name="output">
            <destination>{80173d30-4942-4abb-81e7-999ad33a9c18}</destination>
        </relationship>
    </object>
    <object class="MixerBusEffectChain" id="{94d6197b-b86a-4d5c-9c6a-8af5d940626a}">
        <relationship name="effects">
            <destination>{b2439cd3-63c4-4d21-8a41-9731cc1b8fb9}</destination>
        </relationship>
    </object>
    <object class="MixerBusPanner" id="{91b750d3-4907-406f-9318-ca34ca4473d1}"/>
    <object class="MixerBusFader" id="{b2439cd3-63c4-4d21-8a41-9731cc1b8fb9}"/>
</objects>
