<?xml version="1.0" encoding="UTF-8"?>
<objects serializationModel="Studio.01.10.00">
    <object class="MixerGroup" id="{d0d5e0b6-9ffd-4f74-b865-f1f2be77d3b3}">
        <property name="name">
            <value>06_reflection</value>
        </property>
        <relationship name="effectChain">
            <destination>{329f4c90-9ecd-4eab-abb8-efa57eb600e3}</destination>
        </relationship>
        <relationship name="panner">
            <destination>{d8501eb9-17c0-4fe9-a90d-3d19dcd37770}</destination>
        </relationship>
        <relationship name="output">
            <destination>{2677ced7-94e4-44e2-9f5a-74aaeda5ab63}</destination>
        </relationship>
    </object>
    <object class="MixerBusEffectChain" id="{329f4c90-9ecd-4eab-abb8-efa57eb600e3}">
        <relationship name="effects">
            <destination>{176535d2-1a61-4136-a133-dc2c51993378}</destination>
        </relationship>
    </object>
    <object class="MixerBusPanner" id="{d8501eb9-17c0-4fe9-a90d-3d19dcd37770}"/>
    <object class="MixerBusFader" id="{176535d2-1a61-4136-a133-dc2c51993378}"/>
</objects>
