<?xml version="1.0" encoding="UTF-8"?>
<objects serializationModel="Studio.01.10.00">
    <object class="MixerGroup" id="{dac56484-a3d4-47be-8c8e-38ecce68acc8}">
        <property name="name">
            <value>crystalhearts</value>
        </property>
        <relationship name="effectChain">
            <destination>{61465242-1199-471b-b4b8-7878804667da}</destination>
        </relationship>
        <relationship name="panner">
            <destination>{d83abd0b-6b3f-4a6f-a97b-21f22b2a731a}</destination>
        </relationship>
        <relationship name="output">
            <destination>{80173d30-4942-4abb-81e7-999ad33a9c18}</destination>
        </relationship>
    </object>
    <object class="MixerBusEffectChain" id="{61465242-1199-471b-b4b8-7878804667da}">
        <relationship name="effects">
            <destination>{cdb607a2-88de-4eca-9550-11b18c7bda7c}</destination>
        </relationship>
    </object>
    <object class="MixerBusPanner" id="{d83abd0b-6b3f-4a6f-a97b-21f22b2a731a}"/>
    <object class="MixerBusFader" id="{cdb607a2-88de-4eca-9550-11b18c7bda7c}"/>
</objects>
