<?xml version="1.0" encoding="UTF-8"?>
<objects serializationModel="Studio.01.10.00">
    <object class="MixerGroup" id="{db469001-f950-40b8-b411-2a1d327b3ce6}">
        <property name="name">
            <value>berries</value>
        </property>
        <relationship name="effectChain">
            <destination>{43657c9f-13a3-4595-8ba1-1463d9d6b6d4}</destination>
        </relationship>
        <relationship name="panner">
            <destination>{37780742-44f5-4e7d-a4a7-ef982565f846}</destination>
        </relationship>
        <relationship name="output">
            <destination>{aac396d1-a63f-418a-810a-5d5a59fb2c43}</destination>
        </relationship>
    </object>
    <object class="MixerBusEffectChain" id="{43657c9f-13a3-4595-8ba1-1463d9d6b6d4}">
        <relationship name="effects">
            <destination>{f1245328-faf1-4c8b-a312-26b191aaee17}</destination>
        </relationship>
    </object>
    <object class="MixerBusPanner" id="{37780742-44f5-4e7d-a4a7-ef982565f846}"/>
    <object class="MixerBusFader" id="{f1245328-faf1-4c8b-a312-26b191aaee17}"/>
</objects>
