<?xml version="1.0" encoding="UTF-8"?>
<objects serializationModel="Studio.01.10.00">
    <object class="MixerGroup" id="{ddb5ed22-a8d2-4142-ba12-5bd032527511}">
        <property name="name">
            <value>cafe_sign</value>
        </property>
        <relationship name="effectChain">
            <destination>{af3fd198-dada-439c-8125-f593f9dd62c3}</destination>
        </relationship>
        <relationship name="panner">
            <destination>{1df3d432-c796-4fc3-a43f-a9e764381f12}</destination>
        </relationship>
        <relationship name="output">
            <destination>{a98d0a0f-3a46-4300-b387-c39f0db5d47e}</destination>
        </relationship>
    </object>
    <object class="MixerBusEffectChain" id="{af3fd198-dada-439c-8125-f593f9dd62c3}">
        <relationship name="effects">
            <destination>{3100566d-e9c7-47a4-9687-a5f8a33a1111}</destination>
        </relationship>
    </object>
    <object class="MixerBusPanner" id="{1df3d432-c796-4fc3-a43f-a9e764381f12}"/>
    <object class="MixerBusFader" id="{3100566d-e9c7-47a4-9687-a5f8a33a1111}"/>
</objects>
