<?xml version="1.0" encoding="UTF-8"?>
<objects serializationModel="Studio.01.10.00">
    <object class="MixerGroup" id="{e4b86f10-cdb3-4394-8aba-4aefd2628607}">
        <property name="name">
            <value>lvl9</value>
        </property>
        <relationship name="effectChain">
            <destination>{9472a4d4-770a-49e4-8e40-5ad6bb353c19}</destination>
        </relationship>
        <relationship name="panner">
            <destination>{028672a1-ee9c-42b8-9927-7e598f233696}</destination>
        </relationship>
        <relationship name="output">
            <destination>{7429d822-1e68-4251-9907-6d4e8d14a82e}</destination>
        </relationship>
    </object>
    <object class="MixerBusEffectChain" id="{9472a4d4-770a-49e4-8e40-5ad6bb353c19}">
        <relationship name="effects">
            <destination>{3ec07eae-2a33-4687-a244-cbfdf8633ca2}</destination>
        </relationship>
    </object>
    <object class="MixerBusPanner" id="{028672a1-ee9c-42b8-9927-7e598f233696}"/>
    <object class="MixerBusFader" id="{3ec07eae-2a33-4687-a244-cbfdf8633ca2}"/>
</objects>
