<?xml version="1.0" encoding="UTF-8"?>
<objects serializationModel="Studio.01.10.00">
    <object class="MixerGroup" id="{ef97f0b1-3bc4-4f64-aa42-84cd819b75be}">
        <property name="name">
            <value>lvl1</value>
        </property>
        <relationship name="effectChain">
            <destination>{975d349e-b0e9-4a36-b768-10f0c85f3b6e}</destination>
        </relationship>
        <relationship name="panner">
            <destination>{15969f41-a193-4311-92b0-52c940329890}</destination>
        </relationship>
        <relationship name="output">
            <destination>{7429d822-1e68-4251-9907-6d4e8d14a82e}</destination>
        </relationship>
    </object>
    <object class="MixerBusEffectChain" id="{975d349e-b0e9-4a36-b768-10f0c85f3b6e}">
        <relationship name="effects">
            <destination>{3caf4a55-6cbb-4ca0-86cf-0d9a21669da9}</destination>
        </relationship>
    </object>
    <object class="MixerBusPanner" id="{15969f41-a193-4311-92b0-52c940329890}"/>
    <object class="MixerBusFader" id="{3caf4a55-6cbb-4ca0-86cf-0d9a21669da9}"/>
</objects>
