<?xml version="1.0" encoding="UTF-8"?>
<objects serializationModel="Studio.01.10.00">
    <object class="MixerGroup" id="{f2bd3dc2-e8ec-4ac6-b3b4-4810b47bb8d7}">
        <property name="name">
            <value>07_summit</value>
        </property>
        <relationship name="effectChain">
            <destination>{e777632a-9d0c-435c-af2e-4ae7840a8fc2}</destination>
        </relationship>
        <relationship name="panner">
            <destination>{ce48d9a6-8402-45bc-bf95-5588356c8c3b}</destination>
        </relationship>
        <relationship name="output">
            <destination>{6e4f0c21-c551-48a4-828e-b7ea3816b42d}</destination>
        </relationship>
    </object>
    <object class="MixerBusEffectChain" id="{e777632a-9d0c-435c-af2e-4ae7840a8fc2}">
        <relationship name="effects">
            <destination>{db459289-0e27-4097-83f0-934ac188d9ad}</destination>
        </relationship>
    </object>
    <object class="MixerBusPanner" id="{ce48d9a6-8402-45bc-bf95-5588356c8c3b}"/>
    <object class="MixerBusFader" id="{db459289-0e27-4097-83f0-934ac188d9ad}"/>
</objects>
