<?xml version="1.0" encoding="UTF-8"?>
<objects serializationModel="Studio.01.10.00">
    <object class="MixerGroup" id="{f81bdbae-62d5-467b-8f64-608c3c625282}">
        <property name="name">
            <value>remix</value>
        </property>
        <relationship name="effectChain">
            <destination>{427cb41e-dec5-41df-ba3a-40de4a0b2df3}</destination>
        </relationship>
        <relationship name="panner">
            <destination>{35570bd6-4f72-4383-a96f-d77a5aa60993}</destination>
        </relationship>
        <relationship name="output">
            <destination>{035161f3-528e-4896-9238-683d2f3d60f1}</destination>
        </relationship>
    </object>
    <object class="MixerBusEffectChain" id="{427cb41e-dec5-41df-ba3a-40de4a0b2df3}">
        <relationship name="effects">
            <destination>{8b3deb39-ea6e-4ccb-9bdb-a9a316b68ff7}</destination>
        </relationship>
    </object>
    <object class="MixerBusPanner" id="{35570bd6-4f72-4383-a96f-d77a5aa60993}"/>
    <object class="MixerBusFader" id="{8b3deb39-ea6e-4ccb-9bdb-a9a316b68ff7}"/>
</objects>
