<?xml version="1.0" encoding="UTF-8"?>
<objects serializationModel="Studio.01.10.00">
    <object class="MixerGroup" id="{fad3f5c6-a940-4180-8133-53243e1a6eb3}">
        <property name="name">
            <value>golden_room</value>
        </property>
        <relationship name="effectChain">
            <destination>{4697da3a-5d7c-4b75-b727-96df7547ee38}</destination>
        </relationship>
        <relationship name="panner">
            <destination>{172d9a88-bfb4-41a2-a980-d897af9599dc}</destination>
        </relationship>
        <relationship name="output">
            <destination>{33f0d1af-cd28-4272-a966-89189763d3c1}</destination>
        </relationship>
    </object>
    <object class="MixerBusEffectChain" id="{4697da3a-5d7c-4b75-b727-96df7547ee38}">
        <relationship name="effects">
            <destination>{fc7981dd-1f7c-4c45-803d-bf3ad2e2d3e0}</destination>
        </relationship>
    </object>
    <object class="MixerBusPanner" id="{172d9a88-bfb4-41a2-a980-d897af9599dc}"/>
    <object class="MixerBusFader" id="{fc7981dd-1f7c-4c45-803d-bf3ad2e2d3e0}"/>
</objects>
