<?xml version="1.0" encoding="UTF-8"?>
<objects serializationModel="Studio.01.09.00">
    <object class="EncodingSetting" id="{4136930f-5143-4728-941e-e9c62840276d}">
        <property name="encodingFormat">
            <value>3</value>
        </property>
        <relationship name="platform">
            <destination>{fe2d2caf-fdc7-4b9c-a727-85a217b7b87d}</destination>
        </relationship>
        <relationship name="encodable">
            <destination>{fe2d2caf-fdc7-4b9c-a727-85a217b7b87d}</destination>
        </relationship>
    </object>
</objects>
