<?xml version="1.0" encoding="UTF-8"?>
<objects serializationModel="Studio.01.10.00">
    <object class="Workspace" id="{f196d08f-3f8e-45e4-9c25-e8a7a45df313}">
        <property name="builtBanksOutputDirectory"/>
        <relationship name="masterEventFolder">
            <destination>{7bce2878-13fd-4768-a01c-611b4a0c6c21}</destination>
        </relationship>
        <relationship name="masterTagFolder">
            <destination>{4540645a-fcd0-420b-bebf-15fa2bc1c78c}</destination>
        </relationship>
        <relationship name="masterEffectPresetFolder">
            <destination>{b192162f-b704-06e3-2b86-2b1d56d630b2}</destination>
        </relationship>
        <relationship name="masterParameterPresetFolder">
            <destination>{b92d0be6-39ed-0fcf-2bc0-eaf6e69cafd8}</destination>
        </relationship>
        <relationship name="masterBankFolder">
            <destination>{ef7c3d08-d9b9-4e75-8219-13c17711bf7b}</destination>
        </relationship>
        <relationship name="masterAssetFolder">
            <destination>{3a882b8a-30bb-4294-aa44-e27b045f41d2}</destination>
        </relationship>
        <relationship name="mixer">
            <destination>{db79e933-20fe-4a59-9eb7-c846ebaf1cbe}</destination>
        </relationship>
        <relationship name="platforms">
            <destination>{fe2d2caf-fdc7-4b9c-a727-85a217b7b87d}</destination>
        </relationship>
    </object>
</objects>
