<?xml version="1.0" encoding="UTF-8"?>
<objects serializationModel="Studio.01.10.00">
    <object class="EffectPreset" id="{235ce9e6-bdc7-4979-bac7-021cc0d1cb70}">
        <property name="name">
            <value>Point Source - Stereo</value>
        </property>
        <relationship name="folder">
            <destination>{b192162f-b704-06e3-2b86-2b1d56d630b2}</destination>
        </relationship>
        <relationship name="effect">
            <destination>{b8617b2e-f33b-47f0-a563-50a53d31ba25}</destination>
        </relationship>
    </object>
    <object class="SpatialiserEffect" id="{b8617b2e-f33b-47f0-a563-50a53d31ba25}">
        <property name="minimumDistance">
            <value>350</value>
        </property>
        <property name="maximumDistance">
            <value>480</value>
        </property>
        <property name="soundSize">
            <value>0.949999928</value>
        </property>
    </object>
</objects>
