<?xml version="1.0" encoding="UTF-8"?>
<objects serializationModel="Studio.01.10.00">
    <object class="EffectPreset" id="{5b73c5ab-2a75-4cdd-9df7-890e314ab1a5}">
        <property name="name">
            <value>Oshiro Moves</value>
        </property>
        <relationship name="folder">
            <destination>{b192162f-b704-06e3-2b86-2b1d56d630b2}</destination>
        </relationship>
        <relationship name="effect">
            <destination>{881ebaf0-eb9e-4ab2-abed-593c47013db5}</destination>
        </relationship>
    </object>
    <object class="SpatialiserEffect" id="{881ebaf0-eb9e-4ab2-abed-593c47013db5}">
        <property name="minimumDistance">
            <value>350</value>
        </property>
        <property name="maximumDistance">
            <value>380</value>
        </property>
        <property name="extentMode">
            <value>1</value>
        </property>
        <property name="minimumExtent">
            <value>90</value>
        </property>
    </object>
</objects>
