<?xml version="1.0" encoding="UTF-8"?>
<objects serializationModel="Studio.01.10.00">
    <object class="EffectPreset" id="{c357e45b-b0ab-0ea0-3513-39852bf374f3}">
        <property name="name">
            <value>Point Source - Mono</value>
        </property>
        <relationship name="folder">
            <destination>{b192162f-b704-06e3-2b86-2b1d56d630b2}</destination>
        </relationship>
        <relationship name="effect">
            <destination>{fc312ba2-bf8f-4c63-b4c3-3872276fadfc}</destination>
        </relationship>
    </object>
    <object class="SpatialiserEffect" id="{fc312ba2-bf8f-4c63-b4c3-3872276fadfc}">
        <property name="minimumDistance">
            <value>360</value>
        </property>
        <property name="maximumDistance">
            <value>480</value>
        </property>
        <property name="extentMode">
            <value>2</value>
        </property>
        <property name="soundSize">
            <value>0.949999928</value>
        </property>
        <property name="userPanDirection">
            <value>-99.4623184</value>
        </property>
    </object>
</objects>
