<?xml version="1.0" encoding="UTF-8"?>
<objects serializationModel="Studio.01.10.00">
    <object class="Snapshot" id="{03db7333-40ef-44fe-83cb-7e650abdb49c}">
        <property name="name">
            <value>game_gen_dash_assist_active</value>
        </property>
        <relationship name="mixer">
            <destination>{db79e933-20fe-4a59-9eb7-c846ebaf1cbe}</destination>
        </relationship>
        <relationship name="automatableProperties">
            <destination>{05b2c9e4-1322-490b-848c-b11f687b3fac}</destination>
        </relationship>
        <relationship name="markerTracks">
            <destination>{8f437879-5ede-4c53-97a1-18964fde6376}</destination>
        </relationship>
        <relationship name="timeline">
            <destination>{39bcb1b5-a412-4aab-95c6-9899957d8af0}</destination>
        </relationship>
        <relationship name="snapshotMasterTrack">
            <destination>{4ef56049-d19c-4576-8de0-c03f74103496}</destination>
        </relationship>
        <relationship name="snapshotProperties">
            <destination>{3225eb79-0b08-4257-b8be-4e41b6f9ecc1}</destination>
            <destination>{b9fc5251-4c5f-42fe-99d7-3358c792ebbb}</destination>
            <destination>{bfff2a32-519e-414c-b304-a5e6c5b4549f}</destination>
        </relationship>
        <relationship name="snapshotTracks">
            <destination>{60c77f87-d4e7-44da-8a86-6f789b6c009b}</destination>
            <destination>{7f2d5f90-02f3-4fec-a753-88cde389e6f8}</destination>
            <destination>{8d84559c-b91f-4754-ab8c-e1b616ca9691}</destination>
        </relationship>
    </object>
    <object class="EventAutomatableProperties" id="{05b2c9e4-1322-490b-848c-b11f687b3fac}">
        <relationship name="modulators">
            <destination>{46176198-0be4-4c80-8b02-ba598842e9cc}</destination>
        </relationship>
    </object>
    <object class="MarkerTrack" id="{8f437879-5ede-4c53-97a1-18964fde6376}"/>
    <object class="Timeline" id="{39bcb1b5-a412-4aab-95c6-9899957d8af0}"/>
    <object class="SnapshotMasterTrack" id="{4ef56049-d19c-4576-8de0-c03f74103496}"/>
    <object class="SnapshotProperty" id="{3225eb79-0b08-4257-b8be-4e41b6f9ecc1}">
        <property name="propertyName">
            <value>volume</value>
        </property>
        <property name="value">
            <value>-80</value>
        </property>
        <relationship name="automatableObject">
            <destination>{aac396d1-a63f-418a-810a-5d5a59fb2c43}</destination>
        </relationship>
    </object>
    <object class="SnapshotProperty" id="{b9fc5251-4c5f-42fe-99d7-3358c792ebbb}">
        <property name="propertyName">
            <value>volume</value>
        </property>
        <property name="value">
            <value>-6</value>
        </property>
        <relationship name="automatableObject">
            <destination>{de538080-4e35-4fae-ba40-6635b9a31bae}</destination>
        </relationship>
    </object>
    <object class="SnapshotProperty" id="{bfff2a32-519e-414c-b304-a5e6c5b4549f}">
        <property name="propertyName">
            <value>volume</value>
        </property>
        <property name="value">
            <value>-80</value>
        </property>
        <relationship name="automatableObject">
            <destination>{45e94b3e-40aa-4719-a33e-8fdd3336bd63}</destination>
        </relationship>
    </object>
    <object class="SnapshotTrack" id="{60c77f87-d4e7-44da-8a86-6f789b6c009b}">
        <relationship name="mixerStrip">
            <destination>{aac396d1-a63f-418a-810a-5d5a59fb2c43}</destination>
        </relationship>
    </object>
    <object class="SnapshotTrack" id="{7f2d5f90-02f3-4fec-a753-88cde389e6f8}">
        <relationship name="mixerStrip">
            <destination>{de538080-4e35-4fae-ba40-6635b9a31bae}</destination>
        </relationship>
    </object>
    <object class="SnapshotTrack" id="{8d84559c-b91f-4754-ab8c-e1b616ca9691}">
        <relationship name="mixerStrip">
            <destination>{45e94b3e-40aa-4719-a33e-8fdd3336bd63}</destination>
        </relationship>
    </object>
    <object class="ADSRModulator" id="{46176198-0be4-4c80-8b02-ba598842e9cc}">
        <property name="nameOfPropertyBeingModulated">
            <value>snapshotIntensity</value>
        </property>
        <property name="attackTime">
            <value>100</value>
        </property>
        <property name="peakValue">
            <value>100</value>
        </property>
        <property name="sustainValue">
            <value>100</value>
        </property>
        <property name="releaseTime">
            <value>100</value>
        </property>
    </object>
</objects>
