<?xml version="1.0" encoding="UTF-8"?>
<objects serializationModel="Studio.01.10.00">
    <object class="Snapshot" id="{05fa7a5e-2a5c-4750-944c-ed3ea46c2e64}">
        <property name="name">
            <value>char_granny_laughs_down</value>
        </property>
        <relationship name="mixer">
            <destination>{db79e933-20fe-4a59-9eb7-c846ebaf1cbe}</destination>
        </relationship>
        <relationship name="automatableProperties">
            <destination>{f13b71b3-e37e-47c6-83b5-53fb53bf8af3}</destination>
        </relationship>
        <relationship name="markerTracks">
            <destination>{2211a9c5-c2fa-4f81-a51a-82564beef2a0}</destination>
        </relationship>
        <relationship name="timeline">
            <destination>{f887d1d7-b59b-4161-8a35-0c4ae085a99b}</destination>
        </relationship>
        <relationship name="snapshotMasterTrack">
            <destination>{42fbc63f-e5e7-4153-88e2-a7ccc3032bc1}</destination>
        </relationship>
        <relationship name="snapshotProperties">
            <destination>{8d424783-ba04-48e6-8a51-5f907158156d}</destination>
        </relationship>
        <relationship name="snapshotTracks">
            <destination>{c65387fc-4f8f-4098-83be-8c3d9ad89c92}</destination>
        </relationship>
    </object>
    <object class="EventAutomatableProperties" id="{f13b71b3-e37e-47c6-83b5-53fb53bf8af3}"/>
    <object class="MarkerTrack" id="{2211a9c5-c2fa-4f81-a51a-82564beef2a0}"/>
    <object class="Timeline" id="{f887d1d7-b59b-4161-8a35-0c4ae085a99b}"/>
    <object class="SnapshotMasterTrack" id="{42fbc63f-e5e7-4153-88e2-a7ccc3032bc1}"/>
    <object class="SnapshotProperty" id="{8d424783-ba04-48e6-8a51-5f907158156d}">
        <property name="propertyName">
            <value>volume</value>
        </property>
        <property name="value">
            <value>-80</value>
        </property>
        <relationship name="automatableObject">
            <destination>{3828f323-8e89-4c34-b0fe-6c403cb6606b}</destination>
        </relationship>
    </object>
    <object class="SnapshotTrack" id="{c65387fc-4f8f-4098-83be-8c3d9ad89c92}">
        <relationship name="mixerStrip">
            <destination>{3828f323-8e89-4c34-b0fe-6c403cb6606b}</destination>
        </relationship>
    </object>
</objects>
