<?xml version="1.0" encoding="UTF-8"?>
<objects serializationModel="Studio.01.10.00">
    <object class="Snapshot" id="{061649d4-7a37-483d-bcd3-70793d8fcdb2}">
        <property name="name">
            <value>mus_cassette_amb_down</value>
        </property>
        <relationship name="mixer">
            <destination>{db79e933-20fe-4a59-9eb7-c846ebaf1cbe}</destination>
        </relationship>
        <relationship name="automatableProperties">
            <destination>{effa0591-3aad-41d7-8d30-c9e669d88ec6}</destination>
        </relationship>
        <relationship name="markerTracks">
            <destination>{c29d098e-1a89-4bbb-b368-ea97a83f15f4}</destination>
        </relationship>
        <relationship name="timeline">
            <destination>{571ffe04-4c22-42cb-8be8-abee0e07edeb}</destination>
        </relationship>
        <relationship name="snapshotMasterTrack">
            <destination>{70ee2c6c-bcb0-4500-ab46-a492aa56b061}</destination>
        </relationship>
        <relationship name="snapshotProperties">
            <destination>{7f38abd1-5ca1-443f-8ddf-83797119f9ef}</destination>
        </relationship>
        <relationship name="snapshotTracks">
            <destination>{8661cb93-c4d2-4582-9183-ffe6d2f42d92}</destination>
        </relationship>
    </object>
    <object class="EventAutomatableProperties" id="{effa0591-3aad-41d7-8d30-c9e669d88ec6}"/>
    <object class="MarkerTrack" id="{c29d098e-1a89-4bbb-b368-ea97a83f15f4}"/>
    <object class="Timeline" id="{571ffe04-4c22-42cb-8be8-abee0e07edeb}"/>
    <object class="SnapshotMasterTrack" id="{70ee2c6c-bcb0-4500-ab46-a492aa56b061}"/>
    <object class="SnapshotProperty" id="{7f38abd1-5ca1-443f-8ddf-83797119f9ef}">
        <property name="propertyName">
            <value>volume</value>
        </property>
        <property name="value">
            <value>-12</value>
        </property>
        <relationship name="automatableObject">
            <destination>{2677ced7-94e4-44e2-9f5a-74aaeda5ab63}</destination>
        </relationship>
    </object>
    <object class="SnapshotTrack" id="{8661cb93-c4d2-4582-9183-ffe6d2f42d92}">
        <relationship name="mixerStrip">
            <destination>{2677ced7-94e4-44e2-9f5a-74aaeda5ab63}</destination>
        </relationship>
    </object>
</objects>
