<?xml version="1.0" encoding="UTF-8"?>
<objects serializationModel="Studio.01.10.00">
    <object class="Snapshot" id="{1125cef8-d475-441c-b76b-fe4bdb43aa42}">
        <property name="name">
            <value>game_10_BIR_music_part01</value>
        </property>
        <relationship name="mixer">
            <destination>{db79e933-20fe-4a59-9eb7-c846ebaf1cbe}</destination>
        </relationship>
        <relationship name="automatableProperties">
            <destination>{1a51ec56-725d-4b79-acc7-cccde363f72d}</destination>
        </relationship>
        <relationship name="markerTracks">
            <destination>{f879be95-6224-43a5-b6e9-8b61b9fbdb87}</destination>
        </relationship>
        <relationship name="timeline">
            <destination>{9b93b4ca-0651-43dc-bea7-383141dbf7f5}</destination>
        </relationship>
        <relationship name="snapshotMasterTrack">
            <destination>{babaab5b-f152-41f2-8712-f798cd93fe6e}</destination>
        </relationship>
        <relationship name="snapshotProperties">
            <destination>{2e8b2e92-d041-4dfa-957e-bfb2fbf98c99}</destination>
        </relationship>
        <relationship name="snapshotTracks">
            <destination>{9a1e9689-fac8-467e-9418-91f32fcc690f}</destination>
        </relationship>
    </object>
    <object class="EventAutomatableProperties" id="{1a51ec56-725d-4b79-acc7-cccde363f72d}"/>
    <object class="MarkerTrack" id="{f879be95-6224-43a5-b6e9-8b61b9fbdb87}"/>
    <object class="Timeline" id="{9b93b4ca-0651-43dc-bea7-383141dbf7f5}"/>
    <object class="SnapshotMasterTrack" id="{babaab5b-f152-41f2-8712-f798cd93fe6e}"/>
    <object class="SnapshotProperty" id="{2e8b2e92-d041-4dfa-957e-bfb2fbf98c99}">
        <property name="propertyName">
            <value>volume</value>
        </property>
        <property name="value">
            <value>-80</value>
        </property>
        <relationship name="automatableObject">
            <destination>{8ca23161-65dd-4d81-a97c-003d515b3062}</destination>
        </relationship>
    </object>
    <object class="SnapshotTrack" id="{9a1e9689-fac8-467e-9418-91f32fcc690f}">
        <relationship name="mixerStrip">
            <destination>{8ca23161-65dd-4d81-a97c-003d515b3062}</destination>
        </relationship>
    </object>
</objects>
