<?xml version="1.0" encoding="UTF-8"?>
<objects serializationModel="Studio.01.10.00">
    <object class="Snapshot" id="{1829469a-4c2d-4f04-a2b6-8a528987e9a9}">
        <property name="name">
            <value>game_10_in_space</value>
        </property>
        <relationship name="mixer">
            <destination>{db79e933-20fe-4a59-9eb7-c846ebaf1cbe}</destination>
        </relationship>
        <relationship name="automatableProperties">
            <destination>{e96fa1eb-5f47-4d6c-93a7-3052c86d744f}</destination>
        </relationship>
        <relationship name="markerTracks">
            <destination>{5504b1c9-fc67-4a53-902e-3dfa13fabdfb}</destination>
        </relationship>
        <relationship name="timeline">
            <destination>{d732009c-62ab-4f7b-9a39-44e4e77fbef6}</destination>
        </relationship>
        <relationship name="snapshotMasterTrack">
            <destination>{553661a4-0ef2-4467-8225-7882c4976598}</destination>
        </relationship>
        <relationship name="snapshotProperties">
            <destination>{baf5411a-922b-4442-be69-d3ab60b2a326}</destination>
            <destination>{3dede9e7-a76a-4504-95fb-f16e0e466cde}</destination>
            <destination>{dbb4f18d-f548-4c6f-94d0-cf8f2d3f9cc4}</destination>
            <destination>{964aaaaf-2e86-4262-a1ff-821ead287af0}</destination>
            <destination>{cb19abc4-7152-439c-bfb2-60053d566f05}</destination>
            <destination>{7fa84e84-8bc3-4ac7-94d6-1c757228018d}</destination>
            <destination>{8c23e12f-4d4b-4a30-9e55-5f9c14913b66}</destination>
            <destination>{afccba6d-8ebb-418f-a885-ceb880143287}</destination>
            <destination>{55039922-50df-4b5b-aa0c-889956abc112}</destination>
            <destination>{8820e73a-02c4-41eb-bedd-d01c9623cc09}</destination>
            <destination>{1f3cdca8-46e1-482d-ae7e-e788f13e216d}</destination>
            <destination>{805dd7cf-d901-43ae-b890-e1070389e487}</destination>
            <destination>{7725fa85-a0ff-4245-90f1-94b75ae3d974}</destination>
            <destination>{b1cb9073-5962-4ece-bb80-e25154db4558}</destination>
        </relationship>
        <relationship name="snapshotTracks">
            <destination>{a3accb2d-3c9b-446d-a699-15627b051415}</destination>
            <destination>{12a63969-69dc-413c-b0a0-d0c5ec6cd234}</destination>
            <destination>{d6a27222-dd07-4a19-b5ee-7845f00df1e1}</destination>
            <destination>{710e02d6-6b0b-42fb-b3aa-fc11b8a5f5b5}</destination>
        </relationship>
    </object>
    <object class="EventAutomatableProperties" id="{e96fa1eb-5f47-4d6c-93a7-3052c86d744f}"/>
    <object class="MarkerTrack" id="{5504b1c9-fc67-4a53-902e-3dfa13fabdfb}"/>
    <object class="Timeline" id="{d732009c-62ab-4f7b-9a39-44e4e77fbef6}"/>
    <object class="SnapshotMasterTrack" id="{553661a4-0ef2-4467-8225-7882c4976598}"/>
    <object class="SnapshotProperty" id="{baf5411a-922b-4442-be69-d3ab60b2a326}">
        <property name="propertyName">
            <value>volume</value>
        </property>
        <property name="value">
            <value>-80</value>
        </property>
        <relationship name="automatableObject">
            <destination>{d3031014-2f55-4036-904a-070ba37ba6df}</destination>
        </relationship>
    </object>
    <object class="SnapshotProperty" id="{3dede9e7-a76a-4504-95fb-f16e0e466cde}">
        <property name="propertyName">
            <value>volume</value>
        </property>
        <property name="value">
            <value>-80</value>
        </property>
        <relationship name="automatableObject">
            <destination>{0dfbeb74-7020-4dfa-9cc8-fa85dd157aa1}</destination>
        </relationship>
    </object>
    <object class="SnapshotProperty" id="{dbb4f18d-f548-4c6f-94d0-cf8f2d3f9cc4}">
        <property name="propertyName">
            <value>volume</value>
        </property>
        <property name="value">
            <value>-80</value>
        </property>
        <relationship name="automatableObject">
            <destination>{2677ced7-94e4-44e2-9f5a-74aaeda5ab63}</destination>
        </relationship>
    </object>
    <object class="SnapshotProperty" id="{964aaaaf-2e86-4262-a1ff-821ead287af0}">
        <property name="propertyName">
            <value>level</value>
        </property>
        <property name="value">
            <value>0</value>
        </property>
        <relationship name="automatableObject">
            <destination>{e75bc7a7-62de-47fa-8464-fb6210b8539e}</destination>
        </relationship>
    </object>
    <object class="SnapshotProperty" id="{cb19abc4-7152-439c-bfb2-60053d566f05}">
        <property name="propertyName">
            <value>level</value>
        </property>
        <property name="value">
            <value>0</value>
        </property>
        <relationship name="automatableObject">
            <destination>{8d9e1247-6e42-48ab-a82e-db7bf242fc15}</destination>
        </relationship>
    </object>
    <object class="SnapshotProperty" id="{7fa84e84-8bc3-4ac7-94d6-1c757228018d}">
        <property name="propertyName">
            <value>level</value>
        </property>
        <property name="value">
            <value>0</value>
        </property>
        <relationship name="automatableObject">
            <destination>{a20cb320-301e-4731-a592-6ec157081cce}</destination>
        </relationship>
    </object>
    <object class="SnapshotProperty" id="{8c23e12f-4d4b-4a30-9e55-5f9c14913b66}">
        <property name="propertyName">
            <value>gainA</value>
        </property>
        <property name="value">
            <value>-11.8965511</value>
        </property>
        <relationship name="automatableObject">
            <destination>{25755761-0930-4256-87e1-0f3cc3c52946}</destination>
        </relationship>
    </object>
    <object class="SnapshotProperty" id="{afccba6d-8ebb-418f-a885-ceb880143287}">
        <property name="propertyName">
            <value>frequencyB</value>
        </property>
        <property name="value">
            <value>94.6008911</value>
        </property>
        <relationship name="automatableObject">
            <destination>{25755761-0930-4256-87e1-0f3cc3c52946}</destination>
        </relationship>
    </object>
    <object class="SnapshotProperty" id="{55039922-50df-4b5b-aa0c-889956abc112}">
        <property name="propertyName">
            <value>qualityB</value>
        </property>
        <property name="value">
            <value>0.5</value>
        </property>
        <relationship name="automatableObject">
            <destination>{25755761-0930-4256-87e1-0f3cc3c52946}</destination>
        </relationship>
    </object>
    <object class="SnapshotProperty" id="{8820e73a-02c4-41eb-bedd-d01c9623cc09}">
        <property name="propertyName">
            <value>gainB</value>
        </property>
        <property name="value">
            <value>4.13792992</value>
        </property>
        <relationship name="automatableObject">
            <destination>{25755761-0930-4256-87e1-0f3cc3c52946}</destination>
        </relationship>
    </object>
    <object class="SnapshotProperty" id="{1f3cdca8-46e1-482d-ae7e-e788f13e216d}">
        <property name="propertyName">
            <value>frequencyA</value>
        </property>
        <property name="value">
            <value>720.641174</value>
        </property>
        <relationship name="automatableObject">
            <destination>{25755761-0930-4256-87e1-0f3cc3c52946}</destination>
        </relationship>
    </object>
    <object class="SnapshotProperty" id="{805dd7cf-d901-43ae-b890-e1070389e487}">
        <property name="propertyName">
            <value>qualityA</value>
        </property>
        <property name="value">
            <value>0.751586199</value>
        </property>
        <relationship name="automatableObject">
            <destination>{25755761-0930-4256-87e1-0f3cc3c52946}</destination>
        </relationship>
    </object>
    <object class="SnapshotProperty" id="{7725fa85-a0ff-4245-90f1-94b75ae3d974}">
        <property name="propertyName">
            <value>level</value>
        </property>
        <property name="value">
            <value>-6</value>
        </property>
        <relationship name="automatableObject">
            <destination>{5541b426-0ae0-48ac-aac7-a736829ba270}</destination>
        </relationship>
    </object>
    <object class="SnapshotProperty" id="{b1cb9073-5962-4ece-bb80-e25154db4558}">
        <property name="propertyName">
            <value>volume</value>
        </property>
        <property name="value">
            <value>-3</value>
        </property>
        <relationship name="automatableObject">
            <destination>{d457df36-9eb7-45c7-a624-6e74d6f10ec9}</destination>
        </relationship>
    </object>
    <object class="SnapshotTrack" id="{a3accb2d-3c9b-446d-a699-15627b051415}">
        <relationship name="mixerStrip">
            <destination>{d3031014-2f55-4036-904a-070ba37ba6df}</destination>
        </relationship>
    </object>
    <object class="SnapshotTrack" id="{12a63969-69dc-413c-b0a0-d0c5ec6cd234}">
        <relationship name="mixerStrip">
            <destination>{0dfbeb74-7020-4dfa-9cc8-fa85dd157aa1}</destination>
        </relationship>
    </object>
    <object class="SnapshotTrack" id="{d6a27222-dd07-4a19-b5ee-7845f00df1e1}">
        <relationship name="mixerStrip">
            <destination>{2677ced7-94e4-44e2-9f5a-74aaeda5ab63}</destination>
        </relationship>
    </object>
    <object class="SnapshotTrack" id="{710e02d6-6b0b-42fb-b3aa-fc11b8a5f5b5}">
        <relationship name="mixerStrip">
            <destination>{d457df36-9eb7-45c7-a624-6e74d6f10ec9}</destination>
        </relationship>
    </object>
</objects>
