<?xml version="1.0" encoding="UTF-8"?>
<objects serializationModel="Studio.01.10.00">
    <object class="Snapshot" id="{19948c40-9c7c-4b8a-8dc8-66824fd99eb9}">
        <property name="name">
            <value>music_reflection_secret</value>
        </property>
        <relationship name="mixer">
            <destination>{db79e933-20fe-4a59-9eb7-c846ebaf1cbe}</destination>
        </relationship>
        <relationship name="automatableProperties">
            <destination>{3a80849e-39a7-4bf8-bd5c-5a89843c6de9}</destination>
        </relationship>
        <relationship name="markerTracks">
            <destination>{14b4b757-05eb-4058-91f8-df8e1fa1c711}</destination>
        </relationship>
        <relationship name="timeline">
            <destination>{0815da11-8a33-4769-865a-0a0fb0dae278}</destination>
        </relationship>
        <relationship name="snapshotMasterTrack">
            <destination>{7ff5a05f-8eea-407d-9fe3-07bac3716bfd}</destination>
        </relationship>
        <relationship name="snapshotProperties">
            <destination>{b411b599-2a71-4eff-8b84-33c84372578b}</destination>
        </relationship>
        <relationship name="snapshotTracks">
            <destination>{0e50a547-8d3f-4310-a99a-5e0e4e5cf306}</destination>
        </relationship>
    </object>
    <object class="EventAutomatableProperties" id="{3a80849e-39a7-4bf8-bd5c-5a89843c6de9}"/>
    <object class="MarkerTrack" id="{14b4b757-05eb-4058-91f8-df8e1fa1c711}"/>
    <object class="Timeline" id="{0815da11-8a33-4769-865a-0a0fb0dae278}"/>
    <object class="SnapshotMasterTrack" id="{7ff5a05f-8eea-407d-9fe3-07bac3716bfd}"/>
    <object class="SnapshotProperty" id="{b411b599-2a71-4eff-8b84-33c84372578b}">
        <property name="propertyName">
            <value>volume</value>
        </property>
        <property name="value">
            <value>-9</value>
        </property>
        <relationship name="automatableObject">
            <destination>{33f0d1af-cd28-4272-a966-89189763d3c1}</destination>
        </relationship>
    </object>
    <object class="SnapshotTrack" id="{0e50a547-8d3f-4310-a99a-5e0e4e5cf306}">
        <relationship name="mixerStrip">
            <destination>{33f0d1af-cd28-4272-a966-89189763d3c1}</destination>
        </relationship>
    </object>
</objects>
