<?xml version="1.0" encoding="UTF-8"?>
<objects serializationModel="Studio.01.10.00">
    <object class="Snapshot" id="{1aa61ee8-68fc-4c62-9a54-35743044bafe}">
        <property name="name">
            <value>5000s_down</value>
        </property>
        <relationship name="mixer">
            <destination>{db79e933-20fe-4a59-9eb7-c846ebaf1cbe}</destination>
        </relationship>
        <relationship name="automatableProperties">
            <destination>{a3577f0b-bbc7-4479-b70f-82d518669e33}</destination>
        </relationship>
        <relationship name="markerTracks">
            <destination>{cb6954bc-027f-4ee1-8725-d3b1750f765b}</destination>
        </relationship>
        <relationship name="timeline">
            <destination>{e5d63c92-5134-4873-af85-1dad41282bfc}</destination>
        </relationship>
        <relationship name="snapshotMasterTrack">
            <destination>{2b5b6ae9-29ea-4cf6-b3f3-3c8db932d53a}</destination>
        </relationship>
        <relationship name="snapshotProperties">
            <destination>{0140c60c-e9cd-49d1-8166-d6228d34ee3c}</destination>
            <destination>{b05514f2-6c4d-4d36-8239-49a252517af1}</destination>
            <destination>{c7d9dfad-8b26-4e84-aa4c-d74b81bb224c}</destination>
            <destination>{fc5cd843-c5d1-42a3-bae3-5e626e2a64d4}</destination>
            <destination>{14d248f8-8f4d-4fcd-91cf-efff474ccefc}</destination>
        </relationship>
        <relationship name="snapshotTracks">
            <destination>{7948c375-94b8-46c2-9f62-d4413e9f4e08}</destination>
            <destination>{793c0656-26d3-4d82-9b7c-b8b9a646e360}</destination>
            <destination>{ba51030c-63a0-4cd7-95a2-d4b6e5568746}</destination>
            <destination>{3bb059da-dbed-4b40-a620-34c539d2a249}</destination>
            <destination>{7a0a7db9-c765-41fa-89cf-c9444eb83286}</destination>
        </relationship>
    </object>
    <object class="EventAutomatableProperties" id="{a3577f0b-bbc7-4479-b70f-82d518669e33}"/>
    <object class="MarkerTrack" id="{cb6954bc-027f-4ee1-8725-d3b1750f765b}"/>
    <object class="Timeline" id="{e5d63c92-5134-4873-af85-1dad41282bfc}"/>
    <object class="SnapshotMasterTrack" id="{2b5b6ae9-29ea-4cf6-b3f3-3c8db932d53a}"/>
    <object class="SnapshotProperty" id="{0140c60c-e9cd-49d1-8166-d6228d34ee3c}">
        <property name="propertyName">
            <value>volume</value>
        </property>
        <property name="value">
            <value>-12</value>
        </property>
        <relationship name="automatableObject">
            <destination>{bc43e82f-8373-4a3c-b676-5ef48f674f2e}</destination>
        </relationship>
    </object>
    <object class="SnapshotProperty" id="{b05514f2-6c4d-4d36-8239-49a252517af1}">
        <property name="propertyName">
            <value>volume</value>
        </property>
        <property name="value">
            <value>-12</value>
        </property>
        <relationship name="automatableObject">
            <destination>{15f0abc3-40c1-4812-b526-303e80fe2175}</destination>
        </relationship>
    </object>
    <object class="SnapshotProperty" id="{c7d9dfad-8b26-4e84-aa4c-d74b81bb224c}">
        <property name="propertyName">
            <value>volume</value>
        </property>
        <property name="value">
            <value>-12</value>
        </property>
        <relationship name="automatableObject">
            <destination>{affd9e52-b032-49cb-acd6-4221f642f2e6}</destination>
        </relationship>
    </object>
    <object class="SnapshotProperty" id="{fc5cd843-c5d1-42a3-bae3-5e626e2a64d4}">
        <property name="propertyName">
            <value>volume</value>
        </property>
        <property name="value">
            <value>-12</value>
        </property>
        <relationship name="automatableObject">
            <destination>{ebd67fc6-0745-4b6e-afa8-2fa389df52e1}</destination>
        </relationship>
    </object>
    <object class="SnapshotProperty" id="{14d248f8-8f4d-4fcd-91cf-efff474ccefc}">
        <property name="propertyName">
            <value>volume</value>
        </property>
        <property name="value">
            <value>-12</value>
        </property>
        <relationship name="automatableObject">
            <destination>{2a8fc7b0-907d-46dc-919a-225a1258ebb8}</destination>
        </relationship>
    </object>
    <object class="SnapshotTrack" id="{7948c375-94b8-46c2-9f62-d4413e9f4e08}">
        <relationship name="mixerStrip">
            <destination>{bc43e82f-8373-4a3c-b676-5ef48f674f2e}</destination>
        </relationship>
    </object>
    <object class="SnapshotTrack" id="{793c0656-26d3-4d82-9b7c-b8b9a646e360}">
        <relationship name="mixerStrip">
            <destination>{15f0abc3-40c1-4812-b526-303e80fe2175}</destination>
        </relationship>
    </object>
    <object class="SnapshotTrack" id="{ba51030c-63a0-4cd7-95a2-d4b6e5568746}">
        <relationship name="mixerStrip">
            <destination>{affd9e52-b032-49cb-acd6-4221f642f2e6}</destination>
        </relationship>
    </object>
    <object class="SnapshotTrack" id="{3bb059da-dbed-4b40-a620-34c539d2a249}">
        <relationship name="mixerStrip">
            <destination>{ebd67fc6-0745-4b6e-afa8-2fa389df52e1}</destination>
        </relationship>
    </object>
    <object class="SnapshotTrack" id="{7a0a7db9-c765-41fa-89cf-c9444eb83286}">
        <relationship name="mixerStrip">
            <destination>{2a8fc7b0-907d-46dc-919a-225a1258ebb8}</destination>
        </relationship>
    </object>
</objects>
