<?xml version="1.0" encoding="UTF-8"?>
<objects serializationModel="Studio.01.10.00">
    <object class="Snapshot" id="{1ab40160-5839-4d5b-8b1d-e0a6bd83347d}">
        <property name="name">
            <value>game_02_dreammemorial_fade</value>
        </property>
        <property name="outputFormat">
            <value>2</value>
        </property>
        <relationship name="mixer">
            <destination>{db79e933-20fe-4a59-9eb7-c846ebaf1cbe}</destination>
        </relationship>
        <relationship name="automatableProperties">
            <destination>{6ee5ffcf-7cc9-4d33-b6c7-b579db23e096}</destination>
        </relationship>
        <relationship name="markerTracks">
            <destination>{5e02ef58-1d8e-4698-9fba-885672afea0c}</destination>
        </relationship>
        <relationship name="timeline">
            <destination>{dcf2a202-e003-454f-8d34-f74d79fd0b34}</destination>
        </relationship>
        <relationship name="snapshotMasterTrack">
            <destination>{7f1fd5c6-84c5-42db-ab07-c5fdbd147160}</destination>
        </relationship>
        <relationship name="snapshotProperties">
            <destination>{bcd5610e-5072-4594-9a14-a565e778ed09}</destination>
            <destination>{4849e832-88a1-4a32-8eae-7c3ab1da2175}</destination>
            <destination>{a440e3f7-4c85-4980-92aa-2a6339ced1a3}</destination>
            <destination>{28d1c157-1ed6-4199-ab0a-e943cf5dc77a}</destination>
        </relationship>
        <relationship name="snapshotTracks">
            <destination>{fea93488-8f70-4a0a-a5cf-973f4edb407d}</destination>
            <destination>{cc051345-4555-477c-bda6-fe2fd38edf2c}</destination>
            <destination>{886c9ded-1bdb-4f6a-bf16-23b6728de065}</destination>
            <destination>{181a21f2-3d44-4ecc-8fc6-5247fe5e6858}</destination>
            <destination>{32387c04-1c27-4697-b8cf-acd950a1870b}</destination>
        </relationship>
    </object>
    <object class="EventAutomatableProperties" id="{6ee5ffcf-7cc9-4d33-b6c7-b579db23e096}"/>
    <object class="MarkerTrack" id="{5e02ef58-1d8e-4698-9fba-885672afea0c}"/>
    <object class="Timeline" id="{dcf2a202-e003-454f-8d34-f74d79fd0b34}"/>
    <object class="SnapshotMasterTrack" id="{7f1fd5c6-84c5-42db-ab07-c5fdbd147160}"/>
    <object class="SnapshotProperty" id="{bcd5610e-5072-4594-9a14-a565e778ed09}">
        <property name="propertyName">
            <value>volume</value>
        </property>
        <property name="value">
            <value>0</value>
        </property>
        <relationship name="automatableObject">
            <destination>{7f93dae5-d646-46a5-ae9d-561b4ea5b4d8}</destination>
        </relationship>
    </object>
    <object class="SnapshotProperty" id="{4849e832-88a1-4a32-8eae-7c3ab1da2175}">
        <property name="propertyName">
            <value>volume</value>
        </property>
        <property name="value">
            <value>-80</value>
        </property>
        <relationship name="automatableObject">
            <destination>{0a5ea434-cec4-4b65-9f8c-733a13ac4e86}</destination>
        </relationship>
    </object>
    <object class="SnapshotProperty" id="{a440e3f7-4c85-4980-92aa-2a6339ced1a3}">
        <property name="propertyName">
            <value>volume</value>
        </property>
        <property name="value">
            <value>-80</value>
        </property>
        <relationship name="automatableObject">
            <destination>{8087939b-55de-4834-a7ec-2b62741a1099}</destination>
        </relationship>
    </object>
    <object class="SnapshotProperty" id="{28d1c157-1ed6-4199-ab0a-e943cf5dc77a}">
        <property name="propertyName">
            <value>volume</value>
        </property>
        <property name="value">
            <value>-80</value>
        </property>
        <relationship name="automatableObject">
            <destination>{af0b4601-5e4b-4580-afb8-ce641dcea598}</destination>
        </relationship>
    </object>
    <object class="SnapshotTrack" id="{fea93488-8f70-4a0a-a5cf-973f4edb407d}">
        <relationship name="mixerStrip">
            <destination>{c66382b2-56ff-461e-8062-7f881794db85}</destination>
        </relationship>
    </object>
    <object class="SnapshotTrack" id="{cc051345-4555-477c-bda6-fe2fd38edf2c}">
        <relationship name="mixerStrip">
            <destination>{0a5ea434-cec4-4b65-9f8c-733a13ac4e86}</destination>
        </relationship>
    </object>
    <object class="SnapshotTrack" id="{886c9ded-1bdb-4f6a-bf16-23b6728de065}">
        <relationship name="mixerStrip">
            <destination>{7f93dae5-d646-46a5-ae9d-561b4ea5b4d8}</destination>
        </relationship>
    </object>
    <object class="SnapshotTrack" id="{181a21f2-3d44-4ecc-8fc6-5247fe5e6858}">
        <relationship name="mixerStrip">
            <destination>{8087939b-55de-4834-a7ec-2b62741a1099}</destination>
        </relationship>
    </object>
    <object class="SnapshotTrack" id="{32387c04-1c27-4697-b8cf-acd950a1870b}">
        <relationship name="mixerStrip">
            <destination>{af0b4601-5e4b-4580-afb8-ce641dcea598}</destination>
        </relationship>
    </object>
</objects>
