<?xml version="1.0" encoding="UTF-8"?>
<objects serializationModel="Studio.01.10.00">
    <object class="Snapshot" id="{22902dd7-41fe-4617-9412-e928455e3d4b}">
        <property name="name">
            <value>game_gen_crystalheart</value>
        </property>
        <relationship name="mixer">
            <destination>{db79e933-20fe-4a59-9eb7-c846ebaf1cbe}</destination>
        </relationship>
        <relationship name="automatableProperties">
            <destination>{7466434a-dc18-4027-866b-0bdcf64dbd7f}</destination>
        </relationship>
        <relationship name="markerTracks">
            <destination>{c75394cd-51d3-4229-a616-9176c30e186d}</destination>
        </relationship>
        <relationship name="timeline">
            <destination>{2b87cf30-c808-4d82-aabb-f3afb26b2801}</destination>
        </relationship>
        <relationship name="snapshotMasterTrack">
            <destination>{53f571e8-af22-46d2-9dc9-f74a1d7414b2}</destination>
        </relationship>
        <relationship name="snapshotProperties">
            <destination>{4fb5bfb9-2e61-41d1-b536-2b10a440e561}</destination>
            <destination>{10a12799-1a0c-48dd-bc14-019830e0dc16}</destination>
            <destination>{321b0ad0-b9ab-44a5-a473-05cb52a02838}</destination>
            <destination>{f6b1784f-6db1-4845-a442-4004865d8314}</destination>
            <destination>{311d6602-2f6c-4b40-8e7c-7ab3a13f6da3}</destination>
            <destination>{f92f6f13-41c2-4c23-91c3-62d74e6500a8}</destination>
        </relationship>
        <relationship name="snapshotTracks">
            <destination>{2b013949-c70d-4e18-a619-2f5d80fec7c0}</destination>
            <destination>{36112c10-5981-4a38-b7a8-9810568df290}</destination>
            <destination>{18eb2a80-cf97-470b-ae40-0337c3ce3f49}</destination>
            <destination>{d5faa172-9a1b-42ef-a67f-0964d4010958}</destination>
            <destination>{8c836b5e-7856-464e-b0e7-fce52b04be74}</destination>
            <destination>{5e89e89b-e7ac-4517-ab33-1c439c2a94ae}</destination>
        </relationship>
    </object>
    <object class="EventAutomatableProperties" id="{7466434a-dc18-4027-866b-0bdcf64dbd7f}"/>
    <object class="MarkerTrack" id="{c75394cd-51d3-4229-a616-9176c30e186d}"/>
    <object class="Timeline" id="{2b87cf30-c808-4d82-aabb-f3afb26b2801}"/>
    <object class="SnapshotMasterTrack" id="{53f571e8-af22-46d2-9dc9-f74a1d7414b2}"/>
    <object class="SnapshotProperty" id="{4fb5bfb9-2e61-41d1-b536-2b10a440e561}">
        <property name="propertyName">
            <value>volume</value>
        </property>
        <property name="value">
            <value>-80</value>
        </property>
        <relationship name="automatableObject">
            <destination>{34514772-f9f0-4a83-8fe7-2757c9206fe0}</destination>
        </relationship>
    </object>
    <object class="SnapshotProperty" id="{10a12799-1a0c-48dd-bc14-019830e0dc16}">
        <property name="propertyName">
            <value>volume</value>
        </property>
        <property name="value">
            <value>-80</value>
        </property>
        <relationship name="automatableObject">
            <destination>{6e4f0c21-c551-48a4-828e-b7ea3816b42d}</destination>
        </relationship>
    </object>
    <object class="SnapshotProperty" id="{321b0ad0-b9ab-44a5-a473-05cb52a02838}">
        <property name="propertyName">
            <value>volume</value>
        </property>
        <property name="value">
            <value>-80</value>
        </property>
        <relationship name="automatableObject">
            <destination>{2677ced7-94e4-44e2-9f5a-74aaeda5ab63}</destination>
        </relationship>
    </object>
    <object class="SnapshotProperty" id="{f6b1784f-6db1-4845-a442-4004865d8314}">
        <property name="propertyName">
            <value>volume</value>
        </property>
        <property name="value">
            <value>-80</value>
        </property>
        <relationship name="automatableObject">
            <destination>{c66382b2-56ff-461e-8062-7f881794db85}</destination>
        </relationship>
    </object>
    <object class="SnapshotProperty" id="{311d6602-2f6c-4b40-8e7c-7ab3a13f6da3}">
        <property name="propertyName">
            <value>volume</value>
        </property>
        <property name="value">
            <value>-80</value>
        </property>
        <relationship name="automatableObject">
            <destination>{ad993587-e7fc-427f-95b0-3a8204f772a7}</destination>
        </relationship>
    </object>
    <object class="SnapshotProperty" id="{f92f6f13-41c2-4c23-91c3-62d74e6500a8}">
        <property name="propertyName">
            <value>volume</value>
        </property>
        <property name="value">
            <value>-80</value>
        </property>
        <relationship name="automatableObject">
            <destination>{d001d4bf-94bd-4842-bd12-c8d07686ecf3}</destination>
        </relationship>
    </object>
    <object class="SnapshotTrack" id="{2b013949-c70d-4e18-a619-2f5d80fec7c0}">
        <relationship name="mixerStrip">
            <destination>{34514772-f9f0-4a83-8fe7-2757c9206fe0}</destination>
        </relationship>
    </object>
    <object class="SnapshotTrack" id="{36112c10-5981-4a38-b7a8-9810568df290}">
        <relationship name="mixerStrip">
            <destination>{6e4f0c21-c551-48a4-828e-b7ea3816b42d}</destination>
        </relationship>
    </object>
    <object class="SnapshotTrack" id="{18eb2a80-cf97-470b-ae40-0337c3ce3f49}">
        <relationship name="mixerStrip">
            <destination>{2677ced7-94e4-44e2-9f5a-74aaeda5ab63}</destination>
        </relationship>
    </object>
    <object class="SnapshotTrack" id="{d5faa172-9a1b-42ef-a67f-0964d4010958}">
        <relationship name="mixerStrip">
            <destination>{c66382b2-56ff-461e-8062-7f881794db85}</destination>
        </relationship>
    </object>
    <object class="SnapshotTrack" id="{8c836b5e-7856-464e-b0e7-fce52b04be74}">
        <relationship name="mixerStrip">
            <destination>{ad993587-e7fc-427f-95b0-3a8204f772a7}</destination>
        </relationship>
    </object>
    <object class="SnapshotTrack" id="{5e89e89b-e7ac-4517-ab33-1c439c2a94ae}">
        <relationship name="mixerStrip">
            <destination>{d001d4bf-94bd-4842-bd12-c8d07686ecf3}</destination>
        </relationship>
    </object>
</objects>
