<?xml version="1.0" encoding="UTF-8"?>
<objects serializationModel="Studio.01.10.00">
    <object class="Snapshot" id="{259cebd0-0338-4527-9b41-af852a325cd1}">
        <property name="name">
            <value>game_04_gondolafeather_verb</value>
        </property>
        <relationship name="mixer">
            <destination>{db79e933-20fe-4a59-9eb7-c846ebaf1cbe}</destination>
        </relationship>
        <relationship name="automatableProperties">
            <destination>{25a74325-5f77-48e1-a5ad-888beedd3dd2}</destination>
        </relationship>
        <relationship name="markerTracks">
            <destination>{5b60b8eb-8aef-4f06-bb44-92b81227e2da}</destination>
        </relationship>
        <relationship name="timeline">
            <destination>{4bb723c3-5aa5-4610-a600-6c38378a1629}</destination>
        </relationship>
        <relationship name="snapshotMasterTrack">
            <destination>{539e5848-1fe6-448e-acc1-6d043b38fb9d}</destination>
        </relationship>
        <relationship name="snapshotProperties">
            <destination>{50deb27c-91e0-489c-a3dc-c529f2abc6bc}</destination>
        </relationship>
        <relationship name="snapshotTracks">
            <destination>{95f61bed-efcd-48bb-bc73-c4ba0fa3f3b7}</destination>
            <destination>{6c603c08-edbf-4ac3-8f04-d04ff8d64050}</destination>
        </relationship>
    </object>
    <object class="EventAutomatableProperties" id="{25a74325-5f77-48e1-a5ad-888beedd3dd2}"/>
    <object class="MarkerTrack" id="{5b60b8eb-8aef-4f06-bb44-92b81227e2da}"/>
    <object class="Timeline" id="{4bb723c3-5aa5-4610-a600-6c38378a1629}"/>
    <object class="SnapshotMasterTrack" id="{539e5848-1fe6-448e-acc1-6d043b38fb9d}"/>
    <object class="SnapshotProperty" id="{50deb27c-91e0-489c-a3dc-c529f2abc6bc}">
        <property name="propertyName">
            <value>volume</value>
        </property>
        <property name="value">
            <value>0</value>
        </property>
        <relationship name="automatableObject">
            <destination>{b62be6ff-22a2-4c54-986c-0734a819f8f1}</destination>
        </relationship>
    </object>
    <object class="SnapshotTrack" id="{95f61bed-efcd-48bb-bc73-c4ba0fa3f3b7}">
        <relationship name="mixerStrip">
            <destination>{3420193e-c3db-4417-9232-4cf3ebb0d18c}</destination>
        </relationship>
    </object>
    <object class="SnapshotTrack" id="{6c603c08-edbf-4ac3-8f04-d04ff8d64050}">
        <relationship name="mixerStrip">
            <destination>{b62be6ff-22a2-4c54-986c-0734a819f8f1}</destination>
        </relationship>
    </object>
</objects>
