<?xml version="1.0" encoding="UTF-8"?>
<objects serializationModel="Studio.01.10.00">
    <object class="Snapshot" id="{2ef4067b-f330-40b8-ab59-15280643ba2d}">
        <property name="name">
            <value>game_10_glitch_active</value>
        </property>
        <relationship name="mixer">
            <destination>{db79e933-20fe-4a59-9eb7-c846ebaf1cbe}</destination>
        </relationship>
        <relationship name="automatableProperties">
            <destination>{51f7741e-a374-4234-85ef-8a16ff04ead3}</destination>
        </relationship>
        <relationship name="markerTracks">
            <destination>{859e6d8b-ec84-4daa-bc67-2f3f86d503d4}</destination>
        </relationship>
        <relationship name="timeline">
            <destination>{91e714dc-abb5-4947-867b-4360bffc89a7}</destination>
        </relationship>
        <relationship name="snapshotMasterTrack">
            <destination>{461f2c55-f8cf-42f9-9728-05a8765a7a89}</destination>
        </relationship>
        <relationship name="snapshotProperties">
            <destination>{262acac1-2cd1-4a1d-bce3-095565fb5591}</destination>
            <destination>{e7591983-333d-44fc-89aa-3067187a0c6f}</destination>
            <destination>{27e2834c-347e-46ea-967a-e1f150c8d39f}</destination>
            <destination>{637ece49-2c84-4987-8f29-3d3e4044e1cd}</destination>
            <destination>{8eec0ded-a58d-4607-9e6a-0105d4537f33}</destination>
            <destination>{b2ee7188-7e0d-4504-86cf-22bc76913671}</destination>
            <destination>{a288634b-1f50-4e55-9bb9-03a7ceda5cc0}</destination>
            <destination>{9d742205-fed9-4369-aa9e-6f92cd8434cf}</destination>
        </relationship>
        <relationship name="snapshotTracks">
            <destination>{e3840a61-c18f-4694-a7e3-a829430150bf}</destination>
            <destination>{e67d9f83-82ee-4962-be7e-359d10820db9}</destination>
            <destination>{16c680fa-4530-4ea1-b794-3b04c89f0377}</destination>
            <destination>{d01aac3f-5aaa-4587-b9eb-a419a391f2df}</destination>
        </relationship>
    </object>
    <object class="EventAutomatableProperties" id="{51f7741e-a374-4234-85ef-8a16ff04ead3}"/>
    <object class="MarkerTrack" id="{859e6d8b-ec84-4daa-bc67-2f3f86d503d4}"/>
    <object class="Timeline" id="{91e714dc-abb5-4947-867b-4360bffc89a7}"/>
    <object class="SnapshotMasterTrack" id="{461f2c55-f8cf-42f9-9728-05a8765a7a89}"/>
    <object class="SnapshotProperty" id="{262acac1-2cd1-4a1d-bce3-095565fb5591}">
        <property name="propertyName">
            <value>volume</value>
        </property>
        <property name="value">
            <value>-80</value>
        </property>
        <relationship name="automatableObject">
            <destination>{c56ef299-cdcd-4782-a645-c8ba138ae994}</destination>
        </relationship>
    </object>
    <object class="SnapshotProperty" id="{e7591983-333d-44fc-89aa-3067187a0c6f}">
        <property name="propertyName">
            <value>pitch</value>
        </property>
        <property name="value">
            <value>-6</value>
        </property>
        <relationship name="automatableObject">
            <destination>{c66382b2-56ff-461e-8062-7f881794db85}</destination>
        </relationship>
    </object>
    <object class="SnapshotProperty" id="{27e2834c-347e-46ea-967a-e1f150c8d39f}">
        <property name="propertyName">
            <value>pitch</value>
        </property>
        <property name="value">
            <value>-6</value>
        </property>
        <relationship name="automatableObject">
            <destination>{2677ced7-94e4-44e2-9f5a-74aaeda5ab63}</destination>
        </relationship>
    </object>
    <object class="SnapshotProperty" id="{637ece49-2c84-4987-8f29-3d3e4044e1cd}">
        <property name="propertyName">
            <value>mix</value>
        </property>
        <property name="value">
            <value>100</value>
        </property>
        <relationship name="automatableObject">
            <destination>{13a7701b-0d2a-4bd5-93b1-393d0e752eac}</destination>
        </relationship>
    </object>
    <object class="SnapshotProperty" id="{8eec0ded-a58d-4607-9e6a-0105d4537f33}">
        <property name="propertyName">
            <value>frequencyA</value>
        </property>
        <property name="value">
            <value>660</value>
        </property>
        <relationship name="automatableObject">
            <destination>{e5f6e04d-d43c-4252-bbdd-f42432d185f0}</destination>
        </relationship>
    </object>
    <object class="SnapshotProperty" id="{b2ee7188-7e0d-4504-86cf-22bc76913671}">
        <property name="propertyName">
            <value>volume</value>
        </property>
        <property name="value">
            <value>2</value>
        </property>
        <relationship name="automatableObject">
            <destination>{6e4f0c21-c551-48a4-828e-b7ea3816b42d}</destination>
        </relationship>
    </object>
    <object class="SnapshotProperty" id="{a288634b-1f50-4e55-9bb9-03a7ceda5cc0}">
        <property name="propertyName">
            <value>volume</value>
        </property>
        <property name="value">
            <value>2</value>
        </property>
        <relationship name="automatableObject">
            <destination>{c66382b2-56ff-461e-8062-7f881794db85}</destination>
        </relationship>
    </object>
    <object class="SnapshotProperty" id="{9d742205-fed9-4369-aa9e-6f92cd8434cf}">
        <property name="propertyName">
            <value>volume</value>
        </property>
        <property name="value">
            <value>2</value>
        </property>
        <relationship name="automatableObject">
            <destination>{2677ced7-94e4-44e2-9f5a-74aaeda5ab63}</destination>
        </relationship>
    </object>
    <object class="SnapshotTrack" id="{e3840a61-c18f-4694-a7e3-a829430150bf}">
        <relationship name="mixerStrip">
            <destination>{c56ef299-cdcd-4782-a645-c8ba138ae994}</destination>
        </relationship>
    </object>
    <object class="SnapshotTrack" id="{e67d9f83-82ee-4962-be7e-359d10820db9}">
        <relationship name="mixerStrip">
            <destination>{c66382b2-56ff-461e-8062-7f881794db85}</destination>
        </relationship>
    </object>
    <object class="SnapshotTrack" id="{16c680fa-4530-4ea1-b794-3b04c89f0377}">
        <relationship name="mixerStrip">
            <destination>{2677ced7-94e4-44e2-9f5a-74aaeda5ab63}</destination>
        </relationship>
    </object>
    <object class="SnapshotTrack" id="{d01aac3f-5aaa-4587-b9eb-a419a391f2df}">
        <relationship name="mixerStrip">
            <destination>{6e4f0c21-c551-48a4-828e-b7ea3816b42d}</destination>
        </relationship>
    </object>
</objects>
