<?xml version="1.0" encoding="UTF-8"?>
<objects serializationModel="Studio.01.10.00">
    <object class="Snapshot" id="{34a72406-5330-4cd8-a826-a00d559a0b2e}">
        <property name="name">
            <value>game_00_prologue_amb_off</value>
        </property>
        <property name="outputFormat">
            <value>2</value>
        </property>
        <relationship name="mixer">
            <destination>{db79e933-20fe-4a59-9eb7-c846ebaf1cbe}</destination>
        </relationship>
        <relationship name="automatableProperties">
            <destination>{f148204a-1c96-497f-ab0e-56cb33d1b382}</destination>
        </relationship>
        <relationship name="markerTracks">
            <destination>{dcdaed62-80b2-4d0b-977f-1473d0c128b9}</destination>
        </relationship>
        <relationship name="timeline">
            <destination>{5a7740de-b5cf-4efe-bbef-dfba172ee866}</destination>
        </relationship>
        <relationship name="snapshotMasterTrack">
            <destination>{cc078b51-040a-46f8-914c-a759e3ad8b8e}</destination>
        </relationship>
        <relationship name="snapshotProperties">
            <destination>{52ff4dd7-5ed6-4302-b9e0-6e9d04d5571d}</destination>
        </relationship>
        <relationship name="snapshotTracks">
            <destination>{560d3fcf-8045-463f-a401-814447d0d5dd}</destination>
        </relationship>
    </object>
    <object class="EventAutomatableProperties" id="{f148204a-1c96-497f-ab0e-56cb33d1b382}"/>
    <object class="MarkerTrack" id="{dcdaed62-80b2-4d0b-977f-1473d0c128b9}"/>
    <object class="Timeline" id="{5a7740de-b5cf-4efe-bbef-dfba172ee866}"/>
    <object class="SnapshotMasterTrack" id="{cc078b51-040a-46f8-914c-a759e3ad8b8e}"/>
    <object class="SnapshotProperty" id="{52ff4dd7-5ed6-4302-b9e0-6e9d04d5571d}">
        <property name="propertyName">
            <value>volume</value>
        </property>
        <property name="value">
            <value>-80</value>
        </property>
        <relationship name="automatableObject">
            <destination>{69a539a8-37d8-4e24-979b-291077c574a9}</destination>
        </relationship>
    </object>
    <object class="SnapshotTrack" id="{560d3fcf-8045-463f-a401-814447d0d5dd}">
        <relationship name="mixerStrip">
            <destination>{69a539a8-37d8-4e24-979b-291077c574a9}</destination>
        </relationship>
    </object>
</objects>
