<?xml version="1.0" encoding="UTF-8"?>
<objects serializationModel="Studio.01.10.00">
    <object class="Snapshot" id="{35a38d70-5255-4def-a24c-38d4b432bc7b}">
        <property name="name">
            <value>music_all_mute</value>
        </property>
        <property name="outputFormat">
            <value>2</value>
        </property>
        <relationship name="mixer">
            <destination>{db79e933-20fe-4a59-9eb7-c846ebaf1cbe}</destination>
        </relationship>
        <relationship name="automatableProperties">
            <destination>{68f9be6e-9b03-4ad3-9a5e-c657ab6da78e}</destination>
        </relationship>
        <relationship name="markerTracks">
            <destination>{e47912a2-a35f-4dc8-bd78-1f5767db6834}</destination>
        </relationship>
        <relationship name="timeline">
            <destination>{489a4c69-f1b0-4125-82a8-7af43bb9b697}</destination>
        </relationship>
        <relationship name="snapshotMasterTrack">
            <destination>{71206df4-362d-4d0b-a56c-7f70b456713a}</destination>
        </relationship>
        <relationship name="snapshotProperties">
            <destination>{08f8efa5-6cf0-455b-9dff-e7f38c283a75}</destination>
        </relationship>
        <relationship name="snapshotTracks">
            <destination>{496dfc3c-62ac-4d4f-8265-b2137505664a}</destination>
        </relationship>
    </object>
    <object class="EventAutomatableProperties" id="{68f9be6e-9b03-4ad3-9a5e-c657ab6da78e}"/>
    <object class="MarkerTrack" id="{e47912a2-a35f-4dc8-bd78-1f5767db6834}"/>
    <object class="Timeline" id="{489a4c69-f1b0-4125-82a8-7af43bb9b697}"/>
    <object class="SnapshotMasterTrack" id="{71206df4-362d-4d0b-a56c-7f70b456713a}"/>
    <object class="SnapshotProperty" id="{08f8efa5-6cf0-455b-9dff-e7f38c283a75}">
        <property name="propertyName">
            <value>volume</value>
        </property>
        <property name="value">
            <value>-80</value>
        </property>
        <relationship name="automatableObject">
            <destination>{c66382b2-56ff-461e-8062-7f881794db85}</destination>
        </relationship>
    </object>
    <object class="SnapshotTrack" id="{496dfc3c-62ac-4d4f-8265-b2137505664a}">
        <relationship name="mixerStrip">
            <destination>{c66382b2-56ff-461e-8062-7f881794db85}</destination>
        </relationship>
    </object>
</objects>
