<?xml version="1.0" encoding="UTF-8"?>
<objects serializationModel="Studio.01.10.00">
    <object class="Snapshot" id="{3637f3f7-d1d0-495f-beea-8e13fb5cc4a8}">
        <property name="name">
            <value>variant_speed_140</value>
        </property>
        <relationship name="mixer">
            <destination>{db79e933-20fe-4a59-9eb7-c846ebaf1cbe}</destination>
        </relationship>
        <relationship name="automatableProperties">
            <destination>{0743a295-22f1-4371-90c5-3c9119491d7e}</destination>
        </relationship>
        <relationship name="markerTracks">
            <destination>{2725cdf3-daad-4b5e-9d8c-2cdadd8b262b}</destination>
        </relationship>
        <relationship name="timeline">
            <destination>{de349e0e-560d-484f-9a67-3ecbd64e6807}</destination>
        </relationship>
        <relationship name="snapshotMasterTrack">
            <destination>{3304145e-3548-4312-9e06-2ab813724247}</destination>
        </relationship>
        <relationship name="snapshotProperties">
            <destination>{f5ad6ae6-912f-41bc-ae76-64077d4ea328}</destination>
        </relationship>
        <relationship name="snapshotTracks">
            <destination>{1eb22121-fe3f-48bf-9e2e-b381cd6d4158}</destination>
        </relationship>
    </object>
    <object class="EventAutomatableProperties" id="{0743a295-22f1-4371-90c5-3c9119491d7e}">
        <relationship name="modulators">
            <destination>{84a6a4a2-5f13-4aea-9f2c-891444a437c6}</destination>
        </relationship>
    </object>
    <object class="MarkerTrack" id="{2725cdf3-daad-4b5e-9d8c-2cdadd8b262b}"/>
    <object class="Timeline" id="{de349e0e-560d-484f-9a67-3ecbd64e6807}"/>
    <object class="SnapshotMasterTrack" id="{3304145e-3548-4312-9e06-2ab813724247}"/>
    <object class="SnapshotProperty" id="{f5ad6ae6-912f-41bc-ae76-64077d4ea328}">
        <property name="propertyName">
            <value>pitch</value>
        </property>
        <property name="value">
            <value>5.82999992</value>
        </property>
        <relationship name="automatableObject">
            <destination>{aac396d1-a63f-418a-810a-5d5a59fb2c43}</destination>
        </relationship>
    </object>
    <object class="SnapshotTrack" id="{1eb22121-fe3f-48bf-9e2e-b381cd6d4158}">
        <relationship name="mixerStrip">
            <destination>{aac396d1-a63f-418a-810a-5d5a59fb2c43}</destination>
        </relationship>
    </object>
    <object class="ADSRModulator" id="{84a6a4a2-5f13-4aea-9f2c-891444a437c6}">
        <property name="nameOfPropertyBeingModulated">
            <value>snapshotIntensity</value>
        </property>
        <property name="attackTime">
            <value>500</value>
        </property>
        <property name="peakValue">
            <value>100</value>
        </property>
        <property name="sustainValue">
            <value>100</value>
        </property>
        <property name="releaseTime">
            <value>500</value>
        </property>
    </object>
</objects>
