<?xml version="1.0" encoding="UTF-8"?>
<objects serializationModel="Studio.01.10.00">
    <object class="Snapshot" id="{365efe2d-29e7-4d45-988e-451406863f9a}">
        <property name="name">
            <value>4000s_down</value>
        </property>
        <relationship name="mixer">
            <destination>{db79e933-20fe-4a59-9eb7-c846ebaf1cbe}</destination>
        </relationship>
        <relationship name="automatableProperties">
            <destination>{75541863-e9ac-48b1-93f5-7d4dec32e39b}</destination>
        </relationship>
        <relationship name="markerTracks">
            <destination>{9ff50f20-91e0-49bb-9783-7213e0829a1e}</destination>
        </relationship>
        <relationship name="timeline">
            <destination>{b507c000-0932-4f5b-a878-ed5a45d5d3f5}</destination>
        </relationship>
        <relationship name="snapshotMasterTrack">
            <destination>{f098bf4d-e5b8-48ba-a819-6aec11092c21}</destination>
        </relationship>
        <relationship name="snapshotProperties">
            <destination>{4d560973-19e9-46fd-939f-92605d60f255}</destination>
            <destination>{49c98b9e-928e-4c5a-a794-8e43390714aa}</destination>
            <destination>{6b96ee45-1d49-4523-8f02-c1d3ada97268}</destination>
            <destination>{49432724-ff09-4407-bb50-7cbf0533bf8a}</destination>
        </relationship>
        <relationship name="snapshotTracks">
            <destination>{9d77186d-90e0-45e3-940a-507df7ba8f3e}</destination>
            <destination>{58e0f3f7-d19b-4ca8-a7a2-ea41c1c6e09b}</destination>
            <destination>{25964f75-db72-4776-ade6-58f53fb782ce}</destination>
            <destination>{838b897d-5bd7-43fa-a027-67f3617eec82}</destination>
        </relationship>
    </object>
    <object class="EventAutomatableProperties" id="{75541863-e9ac-48b1-93f5-7d4dec32e39b}"/>
    <object class="MarkerTrack" id="{9ff50f20-91e0-49bb-9783-7213e0829a1e}"/>
    <object class="Timeline" id="{b507c000-0932-4f5b-a878-ed5a45d5d3f5}"/>
    <object class="SnapshotMasterTrack" id="{f098bf4d-e5b8-48ba-a819-6aec11092c21}"/>
    <object class="SnapshotProperty" id="{4d560973-19e9-46fd-939f-92605d60f255}">
        <property name="propertyName">
            <value>volume</value>
        </property>
        <property name="value">
            <value>-12</value>
        </property>
        <relationship name="automatableObject">
            <destination>{ebd67fc6-0745-4b6e-afa8-2fa389df52e1}</destination>
        </relationship>
    </object>
    <object class="SnapshotProperty" id="{49c98b9e-928e-4c5a-a794-8e43390714aa}">
        <property name="propertyName">
            <value>volume</value>
        </property>
        <property name="value">
            <value>-12</value>
        </property>
        <relationship name="automatableObject">
            <destination>{affd9e52-b032-49cb-acd6-4221f642f2e6}</destination>
        </relationship>
    </object>
    <object class="SnapshotProperty" id="{6b96ee45-1d49-4523-8f02-c1d3ada97268}">
        <property name="propertyName">
            <value>volume</value>
        </property>
        <property name="value">
            <value>-12</value>
        </property>
        <relationship name="automatableObject">
            <destination>{15f0abc3-40c1-4812-b526-303e80fe2175}</destination>
        </relationship>
    </object>
    <object class="SnapshotProperty" id="{49432724-ff09-4407-bb50-7cbf0533bf8a}">
        <property name="propertyName">
            <value>volume</value>
        </property>
        <property name="value">
            <value>-12</value>
        </property>
        <relationship name="automatableObject">
            <destination>{bc43e82f-8373-4a3c-b676-5ef48f674f2e}</destination>
        </relationship>
    </object>
    <object class="SnapshotTrack" id="{9d77186d-90e0-45e3-940a-507df7ba8f3e}">
        <relationship name="mixerStrip">
            <destination>{ebd67fc6-0745-4b6e-afa8-2fa389df52e1}</destination>
        </relationship>
    </object>
    <object class="SnapshotTrack" id="{58e0f3f7-d19b-4ca8-a7a2-ea41c1c6e09b}">
        <relationship name="mixerStrip">
            <destination>{affd9e52-b032-49cb-acd6-4221f642f2e6}</destination>
        </relationship>
    </object>
    <object class="SnapshotTrack" id="{25964f75-db72-4776-ade6-58f53fb782ce}">
        <relationship name="mixerStrip">
            <destination>{15f0abc3-40c1-4812-b526-303e80fe2175}</destination>
        </relationship>
    </object>
    <object class="SnapshotTrack" id="{838b897d-5bd7-43fa-a027-67f3617eec82}">
        <relationship name="mixerStrip">
            <destination>{bc43e82f-8373-4a3c-b676-5ef48f674f2e}</destination>
        </relationship>
    </object>
</objects>
