<?xml version="1.0" encoding="UTF-8"?>
<objects serializationModel="Studio.01.10.00">
    <object class="Snapshot" id="{36956a3c-c731-43e9-903e-598f3ec922a0}">
        <property name="name">
            <value>underwater</value>
        </property>
        <property name="outputFormat">
            <value>2</value>
        </property>
        <relationship name="mixer">
            <destination>{db79e933-20fe-4a59-9eb7-c846ebaf1cbe}</destination>
        </relationship>
        <relationship name="automatableProperties">
            <destination>{510f45ab-dac3-4729-a8c0-00530160f758}</destination>
        </relationship>
        <relationship name="markerTracks">
            <destination>{a5d9322c-ff32-49f7-b691-a7645f5b4ed2}</destination>
        </relationship>
        <relationship name="timeline">
            <destination>{24a2ffab-33d6-431d-913e-56789f809c85}</destination>
        </relationship>
        <relationship name="snapshotMasterTrack">
            <destination>{30cd4bd7-01e4-40f5-a855-009c9b31e622}</destination>
        </relationship>
        <relationship name="snapshotProperties">
            <destination>{0d593f09-0637-44e8-bf4d-1c70b6f1959d}</destination>
            <destination>{cecfa5f9-6582-440c-8098-1bd3244572bf}</destination>
        </relationship>
        <relationship name="snapshotTracks">
            <destination>{8ca322c9-563d-4823-822e-a1a0050271c6}</destination>
            <destination>{9a65deee-ffad-430e-a701-c4c3ae68de41}</destination>
        </relationship>
    </object>
    <object class="EventAutomatableProperties" id="{510f45ab-dac3-4729-a8c0-00530160f758}">
        <relationship name="modulators">
            <destination>{b5c5191d-35af-4c70-951f-8c5958d3f160}</destination>
        </relationship>
    </object>
    <object class="MarkerTrack" id="{a5d9322c-ff32-49f7-b691-a7645f5b4ed2}"/>
    <object class="Timeline" id="{24a2ffab-33d6-431d-913e-56789f809c85}"/>
    <object class="SnapshotMasterTrack" id="{30cd4bd7-01e4-40f5-a855-009c9b31e622}"/>
    <object class="SnapshotProperty" id="{0d593f09-0637-44e8-bf4d-1c70b6f1959d}">
        <property name="propertyName">
            <value>cutoff</value>
        </property>
        <property name="value">
            <value>520</value>
        </property>
        <relationship name="automatableObject">
            <destination>{1a498f09-35af-4a3a-8bea-2555e5422945}</destination>
        </relationship>
    </object>
    <object class="SnapshotProperty" id="{cecfa5f9-6582-440c-8098-1bd3244572bf}">
        <property name="propertyName">
            <value>cutoff</value>
        </property>
        <property name="value">
            <value>1200</value>
        </property>
        <relationship name="automatableObject">
            <destination>{632aeefa-759e-41bf-914e-b648a63c652f}</destination>
        </relationship>
    </object>
    <object class="SnapshotTrack" id="{8ca322c9-563d-4823-822e-a1a0050271c6}">
        <relationship name="mixerStrip">
            <destination>{c66382b2-56ff-461e-8062-7f881794db85}</destination>
        </relationship>
    </object>
    <object class="SnapshotTrack" id="{9a65deee-ffad-430e-a701-c4c3ae68de41}">
        <relationship name="mixerStrip">
            <destination>{aac396d1-a63f-418a-810a-5d5a59fb2c43}</destination>
        </relationship>
    </object>
    <object class="ADSRModulator" id="{b5c5191d-35af-4c70-951f-8c5958d3f160}">
        <property name="nameOfPropertyBeingModulated">
            <value>snapshotIntensity</value>
        </property>
        <property name="attackTime">
            <value>100</value>
        </property>
        <property name="peakValue">
            <value>100</value>
        </property>
        <property name="sustainValue">
            <value>100</value>
        </property>
        <property name="releaseTime">
            <value>250</value>
        </property>
    </object>
</objects>
