<?xml version="1.0" encoding="UTF-8"?>
<objects serializationModel="Studio.01.10.00">
    <object class="Snapshot" id="{386f6f68-a0da-4c9c-a51a-5aa8d8deea46}">
        <property name="name">
            <value>game_05_torch_arp</value>
        </property>
        <relationship name="mixer">
            <destination>{db79e933-20fe-4a59-9eb7-c846ebaf1cbe}</destination>
        </relationship>
        <relationship name="automatableProperties">
            <destination>{7cc71493-1230-4d78-bdd1-5c3dc8ad039c}</destination>
        </relationship>
        <relationship name="markerTracks">
            <destination>{4000b485-b2ef-4ad9-9a6a-e0f8c5120f68}</destination>
        </relationship>
        <relationship name="timeline">
            <destination>{a7c42913-5b9a-4a50-bd14-a8b41dc93dca}</destination>
        </relationship>
        <relationship name="snapshotMasterTrack">
            <destination>{31593330-42d0-4d04-9f2a-28e724fcf399}</destination>
        </relationship>
        <relationship name="snapshotProperties">
            <destination>{ad95e834-92fa-49f1-9403-68855ed42743}</destination>
        </relationship>
        <relationship name="snapshotTracks">
            <destination>{f38eeae8-e0fc-404b-a779-8a6018fcb393}</destination>
        </relationship>
    </object>
    <object class="EventAutomatableProperties" id="{7cc71493-1230-4d78-bdd1-5c3dc8ad039c}"/>
    <object class="MarkerTrack" id="{4000b485-b2ef-4ad9-9a6a-e0f8c5120f68}"/>
    <object class="Timeline" id="{a7c42913-5b9a-4a50-bd14-a8b41dc93dca}"/>
    <object class="SnapshotMasterTrack" id="{31593330-42d0-4d04-9f2a-28e724fcf399}"/>
    <object class="SnapshotProperty" id="{ad95e834-92fa-49f1-9403-68855ed42743}">
        <property name="propertyName">
            <value>volume</value>
        </property>
        <property name="value">
            <value>0</value>
        </property>
        <relationship name="automatableObject">
            <destination>{d10b0171-eaf7-4c53-9d55-d05d1bc34e03}</destination>
        </relationship>
    </object>
    <object class="SnapshotTrack" id="{f38eeae8-e0fc-404b-a779-8a6018fcb393}">
        <relationship name="mixerStrip">
            <destination>{d10b0171-eaf7-4c53-9d55-d05d1bc34e03}</destination>
        </relationship>
    </object>
</objects>
