<?xml version="1.0" encoding="UTF-8"?>
<objects serializationModel="Studio.01.10.00">
    <object class="Snapshot" id="{3a534bf9-d4cd-43ce-b2f1-a63b24452b46}">
        <property name="name">
            <value>game_10_kevinpc_verbtransition</value>
        </property>
        <relationship name="mixer">
            <destination>{db79e933-20fe-4a59-9eb7-c846ebaf1cbe}</destination>
        </relationship>
        <relationship name="automatableProperties">
            <destination>{a74b3a36-bb6f-4668-8728-33dd11c21904}</destination>
        </relationship>
        <relationship name="markerTracks">
            <destination>{1b1c71b3-42cb-44e1-9df6-9691b7d66e31}</destination>
        </relationship>
        <relationship name="timeline">
            <destination>{f903b8b2-13e9-4bc8-8b11-d34555167a43}</destination>
        </relationship>
        <relationship name="snapshotMasterTrack">
            <destination>{1a103658-8f02-4a7f-ba10-e24dc3666a4a}</destination>
        </relationship>
        <relationship name="snapshotProperties">
            <destination>{fbdc72db-0e0f-44b8-a8ba-bf8027e2fda8}</destination>
        </relationship>
        <relationship name="snapshotTracks">
            <destination>{4bfb23ba-1584-4a80-83ba-934b9a92be60}</destination>
        </relationship>
    </object>
    <object class="EventAutomatableProperties" id="{a74b3a36-bb6f-4668-8728-33dd11c21904}"/>
    <object class="MarkerTrack" id="{1b1c71b3-42cb-44e1-9df6-9691b7d66e31}"/>
    <object class="Timeline" id="{f903b8b2-13e9-4bc8-8b11-d34555167a43}"/>
    <object class="SnapshotMasterTrack" id="{1a103658-8f02-4a7f-ba10-e24dc3666a4a}"/>
    <object class="SnapshotProperty" id="{fbdc72db-0e0f-44b8-a8ba-bf8027e2fda8}">
        <property name="propertyName">
            <value>volume</value>
        </property>
        <property name="value">
            <value>0</value>
        </property>
        <relationship name="automatableObject">
            <destination>{9bebdba3-d621-4355-9273-df3368b27182}</destination>
        </relationship>
    </object>
    <object class="SnapshotTrack" id="{4bfb23ba-1584-4a80-83ba-934b9a92be60}">
        <relationship name="mixerStrip">
            <destination>{9bebdba3-d621-4355-9273-df3368b27182}</destination>
        </relationship>
    </object>
</objects>
