<?xml version="1.0" encoding="UTF-8"?>
<objects serializationModel="Studio.01.10.00">
    <object class="Snapshot" id="{3b704b9e-58b1-4522-8936-0f74cfca567e}">
        <property name="name">
            <value>game_03_pico8room</value>
        </property>
        <relationship name="mixer">
            <destination>{db79e933-20fe-4a59-9eb7-c846ebaf1cbe}</destination>
        </relationship>
        <relationship name="automatableProperties">
            <destination>{8f304d4f-2f59-44af-8dbf-99eb2337b124}</destination>
        </relationship>
        <relationship name="markerTracks">
            <destination>{b10aff54-1ffd-409f-9458-7d7297ca959c}</destination>
        </relationship>
        <relationship name="timeline">
            <destination>{b68a2cf5-f6b8-449a-aca4-8bfcdf749192}</destination>
        </relationship>
        <relationship name="snapshotMasterTrack">
            <destination>{a87d030d-1ed0-4766-922d-9212cbdd82e9}</destination>
        </relationship>
        <relationship name="snapshotProperties">
            <destination>{f5708ee0-16af-47ea-bf79-bf483b140d85}</destination>
            <destination>{56403c38-eb73-4a7a-af44-b3a4d4ada015}</destination>
            <destination>{a0d2d756-ddd8-41e7-9a0d-e7d015975526}</destination>
        </relationship>
        <relationship name="snapshotTracks">
            <destination>{89dcfab9-a574-46d4-8e5d-42051a1e7030}</destination>
            <destination>{0a4707ab-ceaf-485c-96c2-aeb4fb92cb37}</destination>
            <destination>{5536ef59-05ad-45c3-a3a0-c34596407f87}</destination>
        </relationship>
    </object>
    <object class="EventAutomatableProperties" id="{8f304d4f-2f59-44af-8dbf-99eb2337b124}"/>
    <object class="MarkerTrack" id="{b10aff54-1ffd-409f-9458-7d7297ca959c}"/>
    <object class="Timeline" id="{b68a2cf5-f6b8-449a-aca4-8bfcdf749192}"/>
    <object class="SnapshotMasterTrack" id="{a87d030d-1ed0-4766-922d-9212cbdd82e9}"/>
    <object class="SnapshotProperty" id="{f5708ee0-16af-47ea-bf79-bf483b140d85}">
        <property name="propertyName">
            <value>volume</value>
        </property>
        <property name="value">
            <value>-80</value>
        </property>
        <relationship name="automatableObject">
            <destination>{7429d822-1e68-4251-9907-6d4e8d14a82e}</destination>
        </relationship>
    </object>
    <object class="SnapshotProperty" id="{56403c38-eb73-4a7a-af44-b3a4d4ada015}">
        <property name="propertyName">
            <value>volume</value>
        </property>
        <property name="value">
            <value>-80</value>
        </property>
        <relationship name="automatableObject">
            <destination>{71710caf-9227-413f-ac6a-261cf6e0cb5b}</destination>
        </relationship>
    </object>
    <object class="SnapshotProperty" id="{a0d2d756-ddd8-41e7-9a0d-e7d015975526}">
        <property name="propertyName">
            <value>volume</value>
        </property>
        <property name="value">
            <value>-80</value>
        </property>
        <relationship name="automatableObject">
            <destination>{82beff30-ccff-40bf-9e07-5a1cd2978856}</destination>
        </relationship>
    </object>
    <object class="SnapshotTrack" id="{89dcfab9-a574-46d4-8e5d-42051a1e7030}">
        <relationship name="mixerStrip">
            <destination>{7429d822-1e68-4251-9907-6d4e8d14a82e}</destination>
        </relationship>
    </object>
    <object class="SnapshotTrack" id="{0a4707ab-ceaf-485c-96c2-aeb4fb92cb37}">
        <relationship name="mixerStrip">
            <destination>{71710caf-9227-413f-ac6a-261cf6e0cb5b}</destination>
        </relationship>
    </object>
    <object class="SnapshotTrack" id="{5536ef59-05ad-45c3-a3a0-c34596407f87}">
        <relationship name="mixerStrip">
            <destination>{82beff30-ccff-40bf-9e07-5a1cd2978856}</destination>
        </relationship>
    </object>
</objects>
