<?xml version="1.0" encoding="UTF-8"?>
<objects serializationModel="Studio.01.10.00">
    <object class="Snapshot" id="{401f67f5-af7d-4b5d-a7fd-e7d30583a9a8}">
        <property name="name">
            <value>variant_speed_120</value>
        </property>
        <relationship name="mixer">
            <destination>{db79e933-20fe-4a59-9eb7-c846ebaf1cbe}</destination>
        </relationship>
        <relationship name="automatableProperties">
            <destination>{c0fe09a3-028a-429e-a7bc-d75f4d7d9165}</destination>
        </relationship>
        <relationship name="markerTracks">
            <destination>{cc6997b4-47de-46fd-9e2e-122e4c1fbf19}</destination>
        </relationship>
        <relationship name="timeline">
            <destination>{bc333128-78f0-4240-a5af-ad8cd161ae17}</destination>
        </relationship>
        <relationship name="snapshotMasterTrack">
            <destination>{6130c5a2-74f0-407d-9bbd-4310d9264538}</destination>
        </relationship>
        <relationship name="snapshotProperties">
            <destination>{1f50a548-d633-4d1d-ab4b-5869459c3732}</destination>
        </relationship>
        <relationship name="snapshotTracks">
            <destination>{2376897c-f5e8-4558-bf3d-dccf4fa39f6a}</destination>
        </relationship>
    </object>
    <object class="EventAutomatableProperties" id="{c0fe09a3-028a-429e-a7bc-d75f4d7d9165}">
        <relationship name="modulators">
            <destination>{87ee05d6-68b7-4e86-973d-867f6347825f}</destination>
        </relationship>
    </object>
    <object class="MarkerTrack" id="{cc6997b4-47de-46fd-9e2e-122e4c1fbf19}"/>
    <object class="Timeline" id="{bc333128-78f0-4240-a5af-ad8cd161ae17}"/>
    <object class="SnapshotMasterTrack" id="{6130c5a2-74f0-407d-9bbd-4310d9264538}"/>
    <object class="SnapshotProperty" id="{1f50a548-d633-4d1d-ab4b-5869459c3732}">
        <property name="propertyName">
            <value>pitch</value>
        </property>
        <property name="value">
            <value>3.16000009</value>
        </property>
        <relationship name="automatableObject">
            <destination>{aac396d1-a63f-418a-810a-5d5a59fb2c43}</destination>
        </relationship>
    </object>
    <object class="SnapshotTrack" id="{2376897c-f5e8-4558-bf3d-dccf4fa39f6a}">
        <relationship name="mixerStrip">
            <destination>{aac396d1-a63f-418a-810a-5d5a59fb2c43}</destination>
        </relationship>
    </object>
    <object class="ADSRModulator" id="{87ee05d6-68b7-4e86-973d-867f6347825f}">
        <property name="nameOfPropertyBeingModulated">
            <value>snapshotIntensity</value>
        </property>
        <property name="attackTime">
            <value>500</value>
        </property>
        <property name="peakValue">
            <value>100</value>
        </property>
        <property name="sustainValue">
            <value>100</value>
        </property>
        <property name="releaseTime">
            <value>500</value>
        </property>
    </object>
</objects>
