<?xml version="1.0" encoding="UTF-8"?>
<objects serializationModel="Studio.01.10.00">
    <object class="Snapshot" id="{434bc162-0111-4667-a5bd-a5327b21e422}">
        <property name="name">
            <value>assist_speed_50</value>
        </property>
        <relationship name="mixer">
            <destination>{db79e933-20fe-4a59-9eb7-c846ebaf1cbe}</destination>
        </relationship>
        <relationship name="automatableProperties">
            <destination>{25832b28-ef26-4821-9836-d9b5674ac427}</destination>
        </relationship>
        <relationship name="markerTracks">
            <destination>{f68a139d-ec83-4f3e-bf5d-21b1ccaef956}</destination>
        </relationship>
        <relationship name="timeline">
            <destination>{44ace74a-8d29-4518-929e-d1a2b7cfc85b}</destination>
        </relationship>
        <relationship name="snapshotMasterTrack">
            <destination>{5e3d7674-4c1b-492b-a6e3-7a46377e5977}</destination>
        </relationship>
        <relationship name="snapshotProperties">
            <destination>{2e24a753-729b-47c4-8d54-91d8a0fd7064}</destination>
        </relationship>
        <relationship name="snapshotTracks">
            <destination>{d29971ba-4a89-4d06-ab6b-22a5710e01df}</destination>
        </relationship>
    </object>
    <object class="EventAutomatableProperties" id="{25832b28-ef26-4821-9836-d9b5674ac427}">
        <relationship name="modulators">
            <destination>{5434a2e6-1a7f-4994-a75a-e718d81d5660}</destination>
        </relationship>
    </object>
    <object class="MarkerTrack" id="{f68a139d-ec83-4f3e-bf5d-21b1ccaef956}"/>
    <object class="Timeline" id="{44ace74a-8d29-4518-929e-d1a2b7cfc85b}"/>
    <object class="SnapshotMasterTrack" id="{5e3d7674-4c1b-492b-a6e3-7a46377e5977}"/>
    <object class="SnapshotProperty" id="{2e24a753-729b-47c4-8d54-91d8a0fd7064}">
        <property name="propertyName">
            <value>pitch</value>
        </property>
        <property name="value">
            <value>-12</value>
        </property>
        <relationship name="automatableObject">
            <destination>{aac396d1-a63f-418a-810a-5d5a59fb2c43}</destination>
        </relationship>
    </object>
    <object class="SnapshotTrack" id="{d29971ba-4a89-4d06-ab6b-22a5710e01df}">
        <relationship name="mixerStrip">
            <destination>{aac396d1-a63f-418a-810a-5d5a59fb2c43}</destination>
        </relationship>
    </object>
    <object class="ADSRModulator" id="{5434a2e6-1a7f-4994-a75a-e718d81d5660}">
        <property name="nameOfPropertyBeingModulated">
            <value>snapshotIntensity</value>
        </property>
        <property name="attackTime">
            <value>500</value>
        </property>
        <property name="peakValue">
            <value>100</value>
        </property>
        <property name="sustainValue">
            <value>100</value>
        </property>
        <property name="releaseTime">
            <value>500</value>
        </property>
    </object>
</objects>
