<?xml version="1.0" encoding="UTF-8"?>
<objects serializationModel="Studio.01.10.00">
    <object class="Snapshot" id="{45a77b82-31db-4b49-84c5-c93bff634316}">
        <property name="name">
            <value>game_10_kevinpc_sendcontrol</value>
        </property>
        <relationship name="mixer">
            <destination>{db79e933-20fe-4a59-9eb7-c846ebaf1cbe}</destination>
        </relationship>
        <relationship name="automatableProperties">
            <destination>{6961577b-296f-4fe9-90ee-65ca681566cf}</destination>
        </relationship>
        <relationship name="markerTracks">
            <destination>{d3044d40-1484-4b14-b00f-edd7606d9300}</destination>
        </relationship>
        <relationship name="timeline">
            <destination>{687190f0-4d43-4b6e-a724-43feef5a79ec}</destination>
        </relationship>
        <relationship name="snapshotMasterTrack">
            <destination>{87e777ba-d460-42a8-b90b-d1c38a584def}</destination>
        </relationship>
        <relationship name="snapshotProperties">
            <destination>{ace82e5c-44d4-4fd4-bdce-b12591b226b7}</destination>
        </relationship>
        <relationship name="snapshotTracks">
            <destination>{55d54c22-8d88-46a7-b747-633b8fbccbcb}</destination>
            <destination>{83f0aeaa-c3a6-4231-ba98-bad08872c9f2}</destination>
        </relationship>
    </object>
    <object class="EventAutomatableProperties" id="{6961577b-296f-4fe9-90ee-65ca681566cf}"/>
    <object class="MarkerTrack" id="{d3044d40-1484-4b14-b00f-edd7606d9300}"/>
    <object class="Timeline" id="{687190f0-4d43-4b6e-a724-43feef5a79ec}"/>
    <object class="SnapshotMasterTrack" id="{87e777ba-d460-42a8-b90b-d1c38a584def}"/>
    <object class="SnapshotProperty" id="{ace82e5c-44d4-4fd4-bdce-b12591b226b7}">
        <property name="propertyName">
            <value>level</value>
        </property>
        <property name="value">
            <value>0</value>
        </property>
        <relationship name="automatableObject">
            <destination>{ae6fbd39-b54c-4b43-ad3e-aa1e0097a861}</destination>
        </relationship>
    </object>
    <object class="SnapshotTrack" id="{55d54c22-8d88-46a7-b747-633b8fbccbcb}">
        <relationship name="mixerStrip">
            <destination>{fab12ece-124b-4bca-98d5-6ad4320118b0}</destination>
        </relationship>
    </object>
    <object class="SnapshotTrack" id="{83f0aeaa-c3a6-4231-ba98-bad08872c9f2}">
        <relationship name="mixerStrip">
            <destination>{cd8aa47e-bd24-45e3-808c-a0d546f9a915}</destination>
        </relationship>
    </object>
</objects>
