<?xml version="1.0" encoding="UTF-8"?>
<objects serializationModel="Studio.01.10.00">
    <object class="Snapshot" id="{45db5a63-5d6d-4c3c-9c0c-d9924542b762}">
        <property name="name">
            <value>game_10_golden_room_flavour</value>
        </property>
        <relationship name="mixer">
            <destination>{db79e933-20fe-4a59-9eb7-c846ebaf1cbe}</destination>
        </relationship>
        <relationship name="automatableProperties">
            <destination>{18f74dbd-2266-490a-af9a-81cc75f299bd}</destination>
        </relationship>
        <relationship name="markerTracks">
            <destination>{12dbcfeb-ead4-4576-87cd-f7bc28e453de}</destination>
        </relationship>
        <relationship name="timeline">
            <destination>{ce7009fb-b0cd-48bc-8405-c2fdf385e950}</destination>
        </relationship>
        <relationship name="snapshotMasterTrack">
            <destination>{0a2c2965-e88d-400e-a12f-04f880099de7}</destination>
        </relationship>
        <relationship name="snapshotProperties">
            <destination>{2fa311d2-c4ea-459d-bdb3-9db6957d8a18}</destination>
            <destination>{679f9227-3919-4004-bc37-62413974b327}</destination>
            <destination>{c00f0e19-91f5-4603-8b6f-c2e598a73661}</destination>
            <destination>{ba7f2acb-3a86-4ca9-b552-9c63c8257fb9}</destination>
            <destination>{aa84c9cb-1a4a-4dd1-92ed-a455cb5da7e4}</destination>
        </relationship>
        <relationship name="snapshotTracks">
            <destination>{eb293575-e2bb-4cae-883d-7fb765b3be8d}</destination>
            <destination>{27503a2a-5efb-4782-9bf4-f0781737e061}</destination>
            <destination>{361ba396-9188-4d72-9401-ae304c654c90}</destination>
        </relationship>
    </object>
    <object class="EventAutomatableProperties" id="{18f74dbd-2266-490a-af9a-81cc75f299bd}">
        <relationship name="modulators">
            <destination>{cdfb28f4-2962-48bd-9657-c07d9005816f}</destination>
        </relationship>
    </object>
    <object class="MarkerTrack" id="{12dbcfeb-ead4-4576-87cd-f7bc28e453de}"/>
    <object class="Timeline" id="{ce7009fb-b0cd-48bc-8405-c2fdf385e950}"/>
    <object class="SnapshotMasterTrack" id="{0a2c2965-e88d-400e-a12f-04f880099de7}"/>
    <object class="SnapshotProperty" id="{2fa311d2-c4ea-459d-bdb3-9db6957d8a18}">
        <property name="propertyName">
            <value>volume</value>
        </property>
        <property name="value">
            <value>0</value>
        </property>
        <relationship name="automatableObject">
            <destination>{cf6c699a-44d0-402c-ae02-e2e0a46cb94a}</destination>
        </relationship>
    </object>
    <object class="SnapshotProperty" id="{679f9227-3919-4004-bc37-62413974b327}">
        <property name="propertyName">
            <value>level</value>
        </property>
        <property name="value">
            <value>0</value>
        </property>
        <relationship name="automatableObject">
            <destination>{8532399e-f230-4683-b4a3-6ac2307f8f7a}</destination>
        </relationship>
    </object>
    <object class="SnapshotProperty" id="{c00f0e19-91f5-4603-8b6f-c2e598a73661}">
        <property name="propertyName">
            <value>volume</value>
        </property>
        <property name="value">
            <value>-80</value>
        </property>
        <relationship name="automatableObject">
            <destination>{d3031014-2f55-4036-904a-070ba37ba6df}</destination>
        </relationship>
    </object>
    <object class="SnapshotProperty" id="{ba7f2acb-3a86-4ca9-b552-9c63c8257fb9}">
        <property name="propertyName">
            <value>level</value>
        </property>
        <property name="value">
            <value>0</value>
        </property>
        <relationship name="automatableObject">
            <destination>{32b3fc3d-02df-4cff-bdac-14cfb933c8ba}</destination>
        </relationship>
    </object>
    <object class="SnapshotProperty" id="{aa84c9cb-1a4a-4dd1-92ed-a455cb5da7e4}">
        <property name="propertyName">
            <value>volume</value>
        </property>
        <property name="value">
            <value>-80</value>
        </property>
        <relationship name="automatableObject">
            <destination>{0dfbeb74-7020-4dfa-9cc8-fa85dd157aa1}</destination>
        </relationship>
    </object>
    <object class="SnapshotTrack" id="{eb293575-e2bb-4cae-883d-7fb765b3be8d}">
        <relationship name="mixerStrip">
            <destination>{cf6c699a-44d0-402c-ae02-e2e0a46cb94a}</destination>
        </relationship>
    </object>
    <object class="SnapshotTrack" id="{27503a2a-5efb-4782-9bf4-f0781737e061}">
        <relationship name="mixerStrip">
            <destination>{d3031014-2f55-4036-904a-070ba37ba6df}</destination>
        </relationship>
    </object>
    <object class="SnapshotTrack" id="{361ba396-9188-4d72-9401-ae304c654c90}">
        <relationship name="mixerStrip">
            <destination>{0dfbeb74-7020-4dfa-9cc8-fa85dd157aa1}</destination>
        </relationship>
    </object>
    <object class="ADSRModulator" id="{cdfb28f4-2962-48bd-9657-c07d9005816f}">
        <property name="nameOfPropertyBeingModulated">
            <value>snapshotIntensity</value>
        </property>
        <property name="peakValue">
            <value>100</value>
        </property>
        <property name="sustainValue">
            <value>100</value>
        </property>
        <property name="releaseTime">
            <value>2000</value>
        </property>
        <property name="releaseShape">
            <value>0.213911638</value>
        </property>
    </object>
</objects>
