<?xml version="1.0" encoding="UTF-8"?>
<objects serializationModel="Studio.01.10.00">
    <object class="Snapshot" id="{481f2201-8ce0-43b2-9f3a-bc51cb2b1de2}">
        <property name="name">
            <value>game_04_gondolafeather_main</value>
        </property>
        <relationship name="mixer">
            <destination>{db79e933-20fe-4a59-9eb7-c846ebaf1cbe}</destination>
        </relationship>
        <relationship name="automatableProperties">
            <destination>{20824ae7-06f9-48a1-9e6e-b3a415b1171b}</destination>
        </relationship>
        <relationship name="markerTracks">
            <destination>{9671b85d-f45b-4ba6-a4fc-34101aeaa90d}</destination>
        </relationship>
        <relationship name="timeline">
            <destination>{5f40b4ed-c750-40c1-a29e-13ed60a3b5e3}</destination>
        </relationship>
        <relationship name="snapshotMasterTrack">
            <destination>{9fc0c78c-1eaf-4092-962a-3b67b561ca93}</destination>
        </relationship>
        <relationship name="snapshotProperties">
            <destination>{d3196d53-0f09-4da8-97cb-f6459d32fa1e}</destination>
        </relationship>
        <relationship name="snapshotTracks">
            <destination>{649f373a-01f6-4401-a753-a2edb0096014}</destination>
            <destination>{bc768b63-7463-4c17-b6c9-02696b82fbb7}</destination>
        </relationship>
    </object>
    <object class="EventAutomatableProperties" id="{20824ae7-06f9-48a1-9e6e-b3a415b1171b}"/>
    <object class="MarkerTrack" id="{9671b85d-f45b-4ba6-a4fc-34101aeaa90d}"/>
    <object class="Timeline" id="{5f40b4ed-c750-40c1-a29e-13ed60a3b5e3}"/>
    <object class="SnapshotMasterTrack" id="{9fc0c78c-1eaf-4092-962a-3b67b561ca93}"/>
    <object class="SnapshotProperty" id="{d3196d53-0f09-4da8-97cb-f6459d32fa1e}">
        <property name="propertyName">
            <value>volume</value>
        </property>
        <property name="value">
            <value>-80</value>
        </property>
        <relationship name="automatableObject">
            <destination>{3420193e-c3db-4417-9232-4cf3ebb0d18c}</destination>
        </relationship>
    </object>
    <object class="SnapshotTrack" id="{649f373a-01f6-4401-a753-a2edb0096014}">
        <relationship name="mixerStrip">
            <destination>{3420193e-c3db-4417-9232-4cf3ebb0d18c}</destination>
        </relationship>
    </object>
    <object class="SnapshotTrack" id="{bc768b63-7463-4c17-b6c9-02696b82fbb7}">
        <relationship name="mixerStrip">
            <destination>{b62be6ff-22a2-4c54-986c-0734a819f8f1}</destination>
        </relationship>
    </object>
</objects>
