<?xml version="1.0" encoding="UTF-8"?>
<objects serializationModel="Studio.01.10.00">
    <object class="Snapshot" id="{4c5628e7-adc7-4f0e-a060-82a919c16948}">
        <property name="name">
            <value>game_00_prologue_amb_down</value>
        </property>
        <property name="outputFormat">
            <value>2</value>
        </property>
        <relationship name="mixer">
            <destination>{db79e933-20fe-4a59-9eb7-c846ebaf1cbe}</destination>
        </relationship>
        <relationship name="automatableProperties">
            <destination>{67609205-208b-459a-98d6-707ce5ce1436}</destination>
        </relationship>
        <relationship name="markerTracks">
            <destination>{0d2efb45-72d4-4add-bc21-79e9ad08d8be}</destination>
        </relationship>
        <relationship name="timeline">
            <destination>{4e5a162a-f6ac-4882-8d27-0320d44cdf81}</destination>
        </relationship>
        <relationship name="snapshotMasterTrack">
            <destination>{7f088c7e-cd5d-4152-a7ca-07b1245d615a}</destination>
        </relationship>
        <relationship name="snapshotProperties">
            <destination>{0589fc6d-074a-48a6-8748-fb91476c91f4}</destination>
        </relationship>
        <relationship name="snapshotTracks">
            <destination>{29427d8c-5341-4603-8f1a-379e9d93a851}</destination>
        </relationship>
    </object>
    <object class="EventAutomatableProperties" id="{67609205-208b-459a-98d6-707ce5ce1436}"/>
    <object class="MarkerTrack" id="{0d2efb45-72d4-4add-bc21-79e9ad08d8be}"/>
    <object class="Timeline" id="{4e5a162a-f6ac-4882-8d27-0320d44cdf81}"/>
    <object class="SnapshotMasterTrack" id="{7f088c7e-cd5d-4152-a7ca-07b1245d615a}"/>
    <object class="SnapshotProperty" id="{0589fc6d-074a-48a6-8748-fb91476c91f4}">
        <property name="propertyName">
            <value>volume</value>
        </property>
        <property name="value">
            <value>-6</value>
        </property>
        <relationship name="automatableObject">
            <destination>{69a539a8-37d8-4e24-979b-291077c574a9}</destination>
        </relationship>
    </object>
    <object class="SnapshotTrack" id="{29427d8c-5341-4603-8f1a-379e9d93a851}">
        <relationship name="mixerStrip">
            <destination>{69a539a8-37d8-4e24-979b-291077c574a9}</destination>
        </relationship>
    </object>
</objects>
