<?xml version="1.0" encoding="UTF-8"?>
<objects serializationModel="Studio.01.10.00">
    <object class="Snapshot" id="{4d899a40-a5f6-4ea0-ae36-1f5b15238747}">
        <property name="name">
            <value>assist_speed_70</value>
        </property>
        <relationship name="mixer">
            <destination>{db79e933-20fe-4a59-9eb7-c846ebaf1cbe}</destination>
        </relationship>
        <relationship name="automatableProperties">
            <destination>{c5aebb3e-c9e0-4ec8-818b-7a5a9c91a429}</destination>
        </relationship>
        <relationship name="markerTracks">
            <destination>{4d9eab73-bd03-4f06-9239-9c7f7815bfae}</destination>
        </relationship>
        <relationship name="timeline">
            <destination>{31b455b8-09bb-4f18-acbe-c1ca7b37d194}</destination>
        </relationship>
        <relationship name="snapshotMasterTrack">
            <destination>{1d6174c6-cf57-473f-aef0-42c3f4faaf1d}</destination>
        </relationship>
        <relationship name="snapshotProperties">
            <destination>{44035120-59b6-4c4a-a234-9f3ce028af48}</destination>
        </relationship>
        <relationship name="snapshotTracks">
            <destination>{96cceeb4-16fa-40be-8725-feeba7c7aebd}</destination>
        </relationship>
    </object>
    <object class="EventAutomatableProperties" id="{c5aebb3e-c9e0-4ec8-818b-7a5a9c91a429}">
        <relationship name="modulators">
            <destination>{1cd88991-0387-46ca-9ed3-bb272c5a42c1}</destination>
        </relationship>
    </object>
    <object class="MarkerTrack" id="{4d9eab73-bd03-4f06-9239-9c7f7815bfae}"/>
    <object class="Timeline" id="{31b455b8-09bb-4f18-acbe-c1ca7b37d194}"/>
    <object class="SnapshotMasterTrack" id="{1d6174c6-cf57-473f-aef0-42c3f4faaf1d}"/>
    <object class="SnapshotProperty" id="{44035120-59b6-4c4a-a234-9f3ce028af48}">
        <property name="propertyName">
            <value>pitch</value>
        </property>
        <property name="value">
            <value>-6.17000008</value>
        </property>
        <relationship name="automatableObject">
            <destination>{aac396d1-a63f-418a-810a-5d5a59fb2c43}</destination>
        </relationship>
    </object>
    <object class="SnapshotTrack" id="{96cceeb4-16fa-40be-8725-feeba7c7aebd}">
        <relationship name="mixerStrip">
            <destination>{aac396d1-a63f-418a-810a-5d5a59fb2c43}</destination>
        </relationship>
    </object>
    <object class="ADSRModulator" id="{1cd88991-0387-46ca-9ed3-bb272c5a42c1}">
        <property name="nameOfPropertyBeingModulated">
            <value>snapshotIntensity</value>
        </property>
        <property name="attackTime">
            <value>500</value>
        </property>
        <property name="peakValue">
            <value>100</value>
        </property>
        <property name="sustainValue">
            <value>100</value>
        </property>
        <property name="releaseTime">
            <value>500</value>
        </property>
    </object>
</objects>
