<?xml version="1.0" encoding="UTF-8"?>
<objects serializationModel="Studio.01.10.00">
    <object class="Snapshot" id="{51370088-3349-4bd9-8ef8-21e646482678}">
        <property name="name">
            <value>env_allamb_down</value>
        </property>
        <relationship name="mixer">
            <destination>{db79e933-20fe-4a59-9eb7-c846ebaf1cbe}</destination>
        </relationship>
        <relationship name="automatableProperties">
            <destination>{efd28f1c-91d3-4601-aed8-8caa933cdf0e}</destination>
        </relationship>
        <relationship name="markerTracks">
            <destination>{602091f1-0a60-4a7c-b28d-21cb5ca6db0e}</destination>
        </relationship>
        <relationship name="timeline">
            <destination>{503d8ed7-25b0-4237-9a00-c8b063416588}</destination>
        </relationship>
        <relationship name="snapshotMasterTrack">
            <destination>{c2f7b59e-6a0d-49c7-b6cf-58146090e941}</destination>
        </relationship>
        <relationship name="snapshotProperties">
            <destination>{c9b085ee-9b5a-4152-a520-5b3bdd639eed}</destination>
        </relationship>
        <relationship name="snapshotTracks">
            <destination>{caccaf19-6b15-49fc-ab75-c56393fbe03b}</destination>
        </relationship>
    </object>
    <object class="EventAutomatableProperties" id="{efd28f1c-91d3-4601-aed8-8caa933cdf0e}"/>
    <object class="MarkerTrack" id="{602091f1-0a60-4a7c-b28d-21cb5ca6db0e}"/>
    <object class="Timeline" id="{503d8ed7-25b0-4237-9a00-c8b063416588}"/>
    <object class="SnapshotMasterTrack" id="{c2f7b59e-6a0d-49c7-b6cf-58146090e941}"/>
    <object class="SnapshotProperty" id="{c9b085ee-9b5a-4152-a520-5b3bdd639eed}">
        <property name="propertyName">
            <value>volume</value>
        </property>
        <property name="value">
            <value>-80</value>
        </property>
        <relationship name="automatableObject">
            <destination>{2677ced7-94e4-44e2-9f5a-74aaeda5ab63}</destination>
        </relationship>
    </object>
    <object class="SnapshotTrack" id="{caccaf19-6b15-49fc-ab75-c56393fbe03b}">
        <relationship name="mixerStrip">
            <destination>{2677ced7-94e4-44e2-9f5a-74aaeda5ab63}</destination>
        </relationship>
    </object>
</objects>
