<?xml version="1.0" encoding="UTF-8"?>
<objects serializationModel="Studio.01.10.00">
    <object class="Snapshot" id="{5955bc4d-e3b4-4663-a676-bdaf632c0d78}">
        <property name="name">
            <value>game_10_bird_wings_silenced</value>
        </property>
        <relationship name="mixer">
            <destination>{db79e933-20fe-4a59-9eb7-c846ebaf1cbe}</destination>
        </relationship>
        <relationship name="automatableProperties">
            <destination>{76138711-d60c-4fc8-bfce-d48c2b9848ed}</destination>
        </relationship>
        <relationship name="markerTracks">
            <destination>{3acc97ac-a317-4f74-a57e-4521942a4221}</destination>
        </relationship>
        <relationship name="timeline">
            <destination>{7995620a-968d-43a5-91b6-958193a6a461}</destination>
        </relationship>
        <relationship name="snapshotMasterTrack">
            <destination>{8073de1a-02e2-4b3c-b59e-26c3e63dd73b}</destination>
        </relationship>
        <relationship name="snapshotProperties">
            <destination>{0fb9bc9b-277c-4cc8-88fc-70a0ef7c2e62}</destination>
        </relationship>
        <relationship name="snapshotTracks">
            <destination>{185c78df-538b-4ff9-88bf-efccdd28480f}</destination>
        </relationship>
    </object>
    <object class="EventAutomatableProperties" id="{76138711-d60c-4fc8-bfce-d48c2b9848ed}">
        <relationship name="modulators">
            <destination>{3f692ecb-b71e-445b-b6be-e3ca84ceffb3}</destination>
        </relationship>
    </object>
    <object class="MarkerTrack" id="{3acc97ac-a317-4f74-a57e-4521942a4221}"/>
    <object class="Timeline" id="{7995620a-968d-43a5-91b6-958193a6a461}"/>
    <object class="SnapshotMasterTrack" id="{8073de1a-02e2-4b3c-b59e-26c3e63dd73b}"/>
    <object class="SnapshotProperty" id="{0fb9bc9b-277c-4cc8-88fc-70a0ef7c2e62}">
        <property name="propertyName">
            <value>volume</value>
        </property>
        <property name="value">
            <value>-80</value>
        </property>
        <relationship name="automatableObject">
            <destination>{1290bf60-75df-4063-a36d-1f89c688a282}</destination>
        </relationship>
    </object>
    <object class="SnapshotTrack" id="{185c78df-538b-4ff9-88bf-efccdd28480f}">
        <relationship name="mixerStrip">
            <destination>{1290bf60-75df-4063-a36d-1f89c688a282}</destination>
        </relationship>
    </object>
    <object class="ADSRModulator" id="{3f692ecb-b71e-445b-b6be-e3ca84ceffb3}">
        <property name="nameOfPropertyBeingModulated">
            <value>snapshotIntensity</value>
        </property>
        <property name="attackTime">
            <value>3000</value>
        </property>
        <property name="peakValue">
            <value>100</value>
        </property>
        <property name="sustainValue">
            <value>100</value>
        </property>
    </object>
</objects>
