<?xml version="1.0" encoding="UTF-8"?>
<objects serializationModel="Studio.01.10.00">
    <object class="Snapshot" id="{5b5b6aa0-ca7b-4149-acc6-8e39d8e40cf9}">
        <property name="name">
            <value>music_mains_mute</value>
        </property>
        <property name="outputFormat">
            <value>2</value>
        </property>
        <relationship name="mixer">
            <destination>{db79e933-20fe-4a59-9eb7-c846ebaf1cbe}</destination>
        </relationship>
        <relationship name="automatableProperties">
            <destination>{71898511-152a-4273-b6f2-b5080ac13835}</destination>
        </relationship>
        <relationship name="markerTracks">
            <destination>{7583cbf4-5efd-424e-a72c-66eee7ea9ab0}</destination>
        </relationship>
        <relationship name="timeline">
            <destination>{232559c0-e97e-4feb-84f5-6ce8f3ab02b4}</destination>
        </relationship>
        <relationship name="snapshotMasterTrack">
            <destination>{dfff01dc-bce0-42ba-a909-7f836e44a685}</destination>
        </relationship>
        <relationship name="snapshotProperties">
            <destination>{7cc13eec-00b6-41d2-a662-19fc8a07174a}</destination>
            <destination>{e1249b0b-c44d-4259-954d-8c3820bc058e}</destination>
        </relationship>
        <relationship name="snapshotTracks">
            <destination>{4b91bfdc-068f-400e-a12a-031046436a62}</destination>
            <destination>{8767b9c8-90e8-417a-8ec0-bd47fe27f019}</destination>
            <destination>{86151762-6a6e-43fb-b34f-062ba3feb8e9}</destination>
        </relationship>
    </object>
    <object class="EventAutomatableProperties" id="{71898511-152a-4273-b6f2-b5080ac13835}">
        <relationship name="modulators">
            <destination>{ff159f80-471c-43e1-a90d-96b1cbbc6841}</destination>
        </relationship>
    </object>
    <object class="MarkerTrack" id="{7583cbf4-5efd-424e-a72c-66eee7ea9ab0}"/>
    <object class="Timeline" id="{232559c0-e97e-4feb-84f5-6ce8f3ab02b4}"/>
    <object class="SnapshotMasterTrack" id="{dfff01dc-bce0-42ba-a909-7f836e44a685}"/>
    <object class="SnapshotProperty" id="{7cc13eec-00b6-41d2-a662-19fc8a07174a}">
        <property name="propertyName">
            <value>volume</value>
        </property>
        <property name="value">
            <value>-80</value>
        </property>
        <relationship name="automatableObject">
            <destination>{7429d822-1e68-4251-9907-6d4e8d14a82e}</destination>
        </relationship>
    </object>
    <object class="SnapshotProperty" id="{e1249b0b-c44d-4259-954d-8c3820bc058e}">
        <property name="propertyName">
            <value>volume</value>
        </property>
        <property name="value">
            <value>-80</value>
        </property>
        <relationship name="automatableObject">
            <destination>{f81bdbae-62d5-467b-8f64-608c3c625282}</destination>
        </relationship>
    </object>
    <object class="SnapshotTrack" id="{4b91bfdc-068f-400e-a12a-031046436a62}">
        <relationship name="mixerStrip">
            <destination>{7429d822-1e68-4251-9907-6d4e8d14a82e}</destination>
        </relationship>
    </object>
    <object class="SnapshotTrack" id="{8767b9c8-90e8-417a-8ec0-bd47fe27f019}">
        <relationship name="mixerStrip">
            <destination>{dc7b136f-f266-48a1-a0ce-34938c4da9be}</destination>
        </relationship>
    </object>
    <object class="SnapshotTrack" id="{86151762-6a6e-43fb-b34f-062ba3feb8e9}">
        <relationship name="mixerStrip">
            <destination>{f81bdbae-62d5-467b-8f64-608c3c625282}</destination>
        </relationship>
    </object>
    <object class="ADSRModulator" id="{ff159f80-471c-43e1-a90d-96b1cbbc6841}">
        <property name="nameOfPropertyBeingModulated">
            <value>snapshotIntensity</value>
        </property>
        <property name="peakValue">
            <value>100</value>
        </property>
        <property name="sustainValue">
            <value>100</value>
        </property>
    </object>
</objects>
