<?xml version="1.0" encoding="UTF-8"?>
<objects serializationModel="Studio.01.10.00">
    <object class="Snapshot" id="{641d4a72-8e6e-41a8-8f3d-b28219bd4cd7}">
        <property name="name">
            <value>3000s_down</value>
        </property>
        <relationship name="mixer">
            <destination>{db79e933-20fe-4a59-9eb7-c846ebaf1cbe}</destination>
        </relationship>
        <relationship name="automatableProperties">
            <destination>{ccfac9a1-aff0-4991-8aa3-7a5e2e652dce}</destination>
        </relationship>
        <relationship name="markerTracks">
            <destination>{bf2044b6-c6a1-4bd1-96fb-f2a9c89faf66}</destination>
        </relationship>
        <relationship name="timeline">
            <destination>{34cc1cc8-cc5e-496e-a5a5-534bfeaa15fd}</destination>
        </relationship>
        <relationship name="snapshotMasterTrack">
            <destination>{642b5a4c-87d9-4588-a974-2cd8202adec3}</destination>
        </relationship>
        <relationship name="snapshotProperties">
            <destination>{852e458a-6227-43e4-b3eb-adbac2cd0554}</destination>
            <destination>{00493e9f-14d2-4df4-aceb-47279d834e60}</destination>
            <destination>{e65d9b0e-52b2-43ee-9f40-3b75a527cf22}</destination>
        </relationship>
        <relationship name="snapshotTracks">
            <destination>{cb1a72d2-be14-46c5-993c-ddfdc8c56132}</destination>
            <destination>{649b21ff-4dad-4944-9a3d-173770795e05}</destination>
            <destination>{aeb8f007-78e7-4d43-bbaa-90480f5ee14c}</destination>
        </relationship>
    </object>
    <object class="EventAutomatableProperties" id="{ccfac9a1-aff0-4991-8aa3-7a5e2e652dce}"/>
    <object class="MarkerTrack" id="{bf2044b6-c6a1-4bd1-96fb-f2a9c89faf66}"/>
    <object class="Timeline" id="{34cc1cc8-cc5e-496e-a5a5-534bfeaa15fd}"/>
    <object class="SnapshotMasterTrack" id="{642b5a4c-87d9-4588-a974-2cd8202adec3}"/>
    <object class="SnapshotProperty" id="{852e458a-6227-43e4-b3eb-adbac2cd0554}">
        <property name="propertyName">
            <value>volume</value>
        </property>
        <property name="value">
            <value>-12</value>
        </property>
        <relationship name="automatableObject">
            <destination>{affd9e52-b032-49cb-acd6-4221f642f2e6}</destination>
        </relationship>
    </object>
    <object class="SnapshotProperty" id="{00493e9f-14d2-4df4-aceb-47279d834e60}">
        <property name="propertyName">
            <value>volume</value>
        </property>
        <property name="value">
            <value>-12</value>
        </property>
        <relationship name="automatableObject">
            <destination>{15f0abc3-40c1-4812-b526-303e80fe2175}</destination>
        </relationship>
    </object>
    <object class="SnapshotProperty" id="{e65d9b0e-52b2-43ee-9f40-3b75a527cf22}">
        <property name="propertyName">
            <value>volume</value>
        </property>
        <property name="value">
            <value>-12</value>
        </property>
        <relationship name="automatableObject">
            <destination>{bc43e82f-8373-4a3c-b676-5ef48f674f2e}</destination>
        </relationship>
    </object>
    <object class="SnapshotTrack" id="{cb1a72d2-be14-46c5-993c-ddfdc8c56132}">
        <relationship name="mixerStrip">
            <destination>{affd9e52-b032-49cb-acd6-4221f642f2e6}</destination>
        </relationship>
    </object>
    <object class="SnapshotTrack" id="{649b21ff-4dad-4944-9a3d-173770795e05}">
        <relationship name="mixerStrip">
            <destination>{15f0abc3-40c1-4812-b526-303e80fe2175}</destination>
        </relationship>
    </object>
    <object class="SnapshotTrack" id="{aeb8f007-78e7-4d43-bbaa-90480f5ee14c}">
        <relationship name="mixerStrip">
            <destination>{bc43e82f-8373-4a3c-b676-5ef48f674f2e}</destination>
        </relationship>
    </object>
</objects>
