<?xml version="1.0" encoding="UTF-8"?>
<objects serializationModel="Studio.01.10.00">
    <object class="Snapshot" id="{658d9ddb-30a9-4a55-bd62-d730d793ec83}">
        <property name="name">
            <value>game_10_amb_voidspiral_active</value>
        </property>
        <relationship name="mixer">
            <destination>{db79e933-20fe-4a59-9eb7-c846ebaf1cbe}</destination>
        </relationship>
        <relationship name="automatableProperties">
            <destination>{f31c395d-76dc-4fdc-a966-81e1ec4e1a19}</destination>
        </relationship>
        <relationship name="markerTracks">
            <destination>{c3c6960f-8bc5-41e6-9071-c6d5f09e31a6}</destination>
        </relationship>
        <relationship name="timeline">
            <destination>{1eb3257c-6769-4ccd-a2bd-d91b6fcff9ce}</destination>
        </relationship>
        <relationship name="snapshotMasterTrack">
            <destination>{19f8f65a-9b2c-4960-aaa7-3bdccc3ff94d}</destination>
        </relationship>
        <relationship name="snapshotProperties">
            <destination>{aa98e15a-fd20-4018-85db-7f2da1af7f52}</destination>
        </relationship>
        <relationship name="snapshotTracks">
            <destination>{ffc1d6e7-06f4-49a6-adb6-09be6558904d}</destination>
        </relationship>
    </object>
    <object class="EventAutomatableProperties" id="{f31c395d-76dc-4fdc-a966-81e1ec4e1a19}"/>
    <object class="MarkerTrack" id="{c3c6960f-8bc5-41e6-9071-c6d5f09e31a6}"/>
    <object class="Timeline" id="{1eb3257c-6769-4ccd-a2bd-d91b6fcff9ce}"/>
    <object class="SnapshotMasterTrack" id="{19f8f65a-9b2c-4960-aaa7-3bdccc3ff94d}"/>
    <object class="SnapshotProperty" id="{aa98e15a-fd20-4018-85db-7f2da1af7f52}">
        <property name="propertyName">
            <value>volume</value>
        </property>
        <property name="value">
            <value>-80</value>
        </property>
        <relationship name="automatableObject">
            <destination>{992ed3aa-96d9-4f83-ac2f-3af5ac4a32db}</destination>
        </relationship>
    </object>
    <object class="SnapshotTrack" id="{ffc1d6e7-06f4-49a6-adb6-09be6558904d}">
        <relationship name="mixerStrip">
            <destination>{992ed3aa-96d9-4f83-ac2f-3af5ac4a32db}</destination>
        </relationship>
    </object>
</objects>
