<?xml version="1.0" encoding="UTF-8"?>
<objects serializationModel="Studio.01.10.00">
    <object class="Snapshot" id="{69755b6c-ec19-4fd8-8db3-3cd08aaf87a1}">
        <property name="name">
            <value>game_03_clutterswitch_moment</value>
        </property>
        <property name="outputFormat">
            <value>2</value>
        </property>
        <relationship name="mixer">
            <destination>{db79e933-20fe-4a59-9eb7-c846ebaf1cbe}</destination>
        </relationship>
        <relationship name="automatableProperties">
            <destination>{ac2f9d86-98a6-49a5-9d56-3df51b8cdb8f}</destination>
        </relationship>
        <relationship name="markerTracks">
            <destination>{549ec43a-66d3-4c8c-b69a-eeae4da2563d}</destination>
        </relationship>
        <relationship name="timeline">
            <destination>{fb1a5e14-5d67-490f-b930-1550fa95bc14}</destination>
        </relationship>
        <relationship name="snapshotMasterTrack">
            <destination>{acbce4aa-ba8a-436f-8aaf-f9a93b69e457}</destination>
        </relationship>
        <relationship name="snapshotProperties">
            <destination>{3fa9df7a-9b86-4479-b533-94758c37383c}</destination>
        </relationship>
        <relationship name="snapshotTracks">
            <destination>{48fef87e-49c8-4524-9cb4-51820675f561}</destination>
        </relationship>
    </object>
    <object class="EventAutomatableProperties" id="{ac2f9d86-98a6-49a5-9d56-3df51b8cdb8f}"/>
    <object class="MarkerTrack" id="{549ec43a-66d3-4c8c-b69a-eeae4da2563d}"/>
    <object class="Timeline" id="{fb1a5e14-5d67-490f-b930-1550fa95bc14}"/>
    <object class="SnapshotMasterTrack" id="{acbce4aa-ba8a-436f-8aaf-f9a93b69e457}"/>
    <object class="SnapshotProperty" id="{3fa9df7a-9b86-4479-b533-94758c37383c}">
        <property name="propertyName">
            <value>volume</value>
        </property>
        <property name="value">
            <value>-80</value>
        </property>
        <relationship name="automatableObject">
            <destination>{dd297a42-ca69-42b2-8a75-81bc2c076773}</destination>
        </relationship>
    </object>
    <object class="SnapshotTrack" id="{48fef87e-49c8-4524-9cb4-51820675f561}">
        <relationship name="mixerStrip">
            <destination>{dd297a42-ca69-42b2-8a75-81bc2c076773}</destination>
        </relationship>
    </object>
</objects>
