<?xml version="1.0" encoding="UTF-8"?>
<objects serializationModel="Studio.01.10.00">
    <object class="Snapshot" id="{6b16607b-8e2f-4b79-a1e5-339e589e6919}">
        <property name="name">
            <value>game_05_mus_pulse_controller</value>
        </property>
        <relationship name="mixer">
            <destination>{db79e933-20fe-4a59-9eb7-c846ebaf1cbe}</destination>
        </relationship>
        <relationship name="automatableProperties">
            <destination>{05011f95-edae-4f4a-abe8-c2be72331333}</destination>
        </relationship>
        <relationship name="markerTracks">
            <destination>{61686356-6ac5-4c02-a618-cc6669119ea8}</destination>
        </relationship>
        <relationship name="timeline">
            <destination>{53e4ce60-618f-4570-af10-13640d8f1e2a}</destination>
        </relationship>
        <relationship name="snapshotMasterTrack">
            <destination>{b0f48a42-5363-41fb-a8f1-0f523cb09044}</destination>
        </relationship>
        <relationship name="snapshotProperties">
            <destination>{39b0444f-8890-4f28-b690-25db0871dd44}</destination>
        </relationship>
        <relationship name="snapshotTracks">
            <destination>{bd8814c9-f0e9-44fe-a5a6-d6f0463649fd}</destination>
            <destination>{888be2e0-2fa2-4008-b546-fa099650aeeb}</destination>
        </relationship>
    </object>
    <object class="EventAutomatableProperties" id="{05011f95-edae-4f4a-abe8-c2be72331333}"/>
    <object class="MarkerTrack" id="{61686356-6ac5-4c02-a618-cc6669119ea8}"/>
    <object class="Timeline" id="{53e4ce60-618f-4570-af10-13640d8f1e2a}"/>
    <object class="SnapshotMasterTrack" id="{b0f48a42-5363-41fb-a8f1-0f523cb09044}"/>
    <object class="SnapshotProperty" id="{39b0444f-8890-4f28-b690-25db0871dd44}">
        <property name="propertyName">
            <value>volume</value>
        </property>
        <property name="value">
            <value>0</value>
        </property>
        <relationship name="automatableObject">
            <destination>{ea09e719-2d63-4cfa-90b1-7bc68aa0fb89}</destination>
        </relationship>
    </object>
    <object class="SnapshotTrack" id="{bd8814c9-f0e9-44fe-a5a6-d6f0463649fd}">
        <relationship name="mixerStrip">
            <destination>{8bd3048f-79b5-47bd-b697-ded53096b69a}</destination>
        </relationship>
    </object>
    <object class="SnapshotTrack" id="{888be2e0-2fa2-4008-b546-fa099650aeeb}">
        <relationship name="mixerStrip">
            <destination>{ea09e719-2d63-4cfa-90b1-7bc68aa0fb89}</destination>
        </relationship>
    </object>
</objects>
