<?xml version="1.0" encoding="UTF-8"?>
<objects serializationModel="Studio.01.10.00">
    <object class="Snapshot" id="{7ea9a03b-ea60-4a15-be33-26a7a9423b63}">
        <property name="name">
            <value>game_10_inside_cafe</value>
        </property>
        <relationship name="mixer">
            <destination>{db79e933-20fe-4a59-9eb7-c846ebaf1cbe}</destination>
        </relationship>
        <relationship name="automatableProperties">
            <destination>{3520fe3a-f06b-4c5e-b679-b52727467a29}</destination>
        </relationship>
        <relationship name="markerTracks">
            <destination>{07ff4c21-11bd-44da-a256-397f1f9d5bda}</destination>
        </relationship>
        <relationship name="timeline">
            <destination>{a05c3b60-c496-4f77-81d1-c544ef05bb77}</destination>
        </relationship>
        <relationship name="snapshotMasterTrack">
            <destination>{467c8932-ea56-4b03-a132-d59bddc065d0}</destination>
        </relationship>
        <relationship name="snapshotProperties">
            <destination>{c6dfd208-0f70-4856-9ccb-a909c00ebc51}</destination>
            <destination>{dafd5811-5fcc-4099-9640-d0bd31aa8b92}</destination>
            <destination>{b45c4411-119e-418d-8997-20a0ae505a84}</destination>
            <destination>{7bf0e126-8c6b-46a4-9cba-013bb00fa2da}</destination>
            <destination>{713201c6-7616-45c5-abd4-2075119163fe}</destination>
        </relationship>
        <relationship name="snapshotTracks">
            <destination>{b55ac05b-f149-4ca3-ac0d-12f6eb6e1369}</destination>
            <destination>{0ab7dbec-63e5-4264-a858-60e527f446de}</destination>
            <destination>{3f088c46-2c9d-4910-86bc-319be216f51c}</destination>
            <destination>{6c361d04-bd50-49c8-9791-ad75a053e5b1}</destination>
        </relationship>
    </object>
    <object class="EventAutomatableProperties" id="{3520fe3a-f06b-4c5e-b679-b52727467a29}">
        <relationship name="modulators">
            <destination>{85babbb2-7eda-459c-b3cd-d120832955e1}</destination>
        </relationship>
    </object>
    <object class="MarkerTrack" id="{07ff4c21-11bd-44da-a256-397f1f9d5bda}"/>
    <object class="Timeline" id="{a05c3b60-c496-4f77-81d1-c544ef05bb77}"/>
    <object class="SnapshotMasterTrack" id="{467c8932-ea56-4b03-a132-d59bddc065d0}"/>
    <object class="SnapshotProperty" id="{c6dfd208-0f70-4856-9ccb-a909c00ebc51}">
        <property name="propertyName">
            <value>frequencyA</value>
        </property>
        <property name="value">
            <value>1700</value>
        </property>
        <relationship name="automatableObject">
            <destination>{b2c5a5bd-40ad-4bb3-95a1-03d6fd1b0d75}</destination>
        </relationship>
    </object>
    <object class="SnapshotProperty" id="{dafd5811-5fcc-4099-9640-d0bd31aa8b92}">
        <property name="propertyName">
            <value>volume</value>
        </property>
        <property name="value">
            <value>0</value>
        </property>
        <relationship name="automatableObject">
            <destination>{05e910f2-4e6d-4f1d-a82d-014519b4667f}</destination>
        </relationship>
    </object>
    <object class="SnapshotProperty" id="{b45c4411-119e-418d-8997-20a0ae505a84}">
        <property name="propertyName">
            <value>volume</value>
        </property>
        <property name="value">
            <value>-80</value>
        </property>
        <relationship name="automatableObject">
            <destination>{ddb5ed22-a8d2-4142-ba12-5bd032527511}</destination>
        </relationship>
    </object>
    <object class="SnapshotProperty" id="{7bf0e126-8c6b-46a4-9cba-013bb00fa2da}">
        <property name="propertyName">
            <value>frequencyA</value>
        </property>
        <property name="value">
            <value>3600</value>
        </property>
        <relationship name="automatableObject">
            <destination>{da3e24cf-f1bf-46ca-8d54-ce1860141255}</destination>
        </relationship>
    </object>
    <object class="SnapshotProperty" id="{713201c6-7616-45c5-abd4-2075119163fe}">
        <property name="propertyName">
            <value>volume</value>
        </property>
        <property name="value">
            <value>-3</value>
        </property>
        <relationship name="automatableObject">
            <destination>{598cd199-b5f0-49f5-ba6b-3a2f5ef1de25}</destination>
        </relationship>
    </object>
    <object class="SnapshotTrack" id="{b55ac05b-f149-4ca3-ac0d-12f6eb6e1369}">
        <relationship name="mixerStrip">
            <destination>{2677ced7-94e4-44e2-9f5a-74aaeda5ab63}</destination>
        </relationship>
    </object>
    <object class="SnapshotTrack" id="{0ab7dbec-63e5-4264-a858-60e527f446de}">
        <relationship name="mixerStrip">
            <destination>{05e910f2-4e6d-4f1d-a82d-014519b4667f}</destination>
        </relationship>
    </object>
    <object class="SnapshotTrack" id="{3f088c46-2c9d-4910-86bc-319be216f51c}">
        <relationship name="mixerStrip">
            <destination>{ddb5ed22-a8d2-4142-ba12-5bd032527511}</destination>
        </relationship>
    </object>
    <object class="SnapshotTrack" id="{6c361d04-bd50-49c8-9791-ad75a053e5b1}">
        <relationship name="mixerStrip">
            <destination>{598cd199-b5f0-49f5-ba6b-3a2f5ef1de25}</destination>
        </relationship>
    </object>
    <object class="ADSRModulator" id="{85babbb2-7eda-459c-b3cd-d120832955e1}">
        <property name="nameOfPropertyBeingModulated">
            <value>snapshotIntensity</value>
        </property>
        <property name="attackTime">
            <value>500</value>
        </property>
        <property name="peakValue">
            <value>100</value>
        </property>
        <property name="sustainValue">
            <value>100</value>
        </property>
        <property name="releaseTime">
            <value>500</value>
        </property>
    </object>
</objects>
