<?xml version="1.0" encoding="UTF-8"?>
<objects serializationModel="Studio.01.10.00">
    <object class="Snapshot" id="{85104a93-1b84-443c-b44b-034b2aaa643b}">
        <property name="name">
            <value>2000s_down</value>
        </property>
        <relationship name="mixer">
            <destination>{db79e933-20fe-4a59-9eb7-c846ebaf1cbe}</destination>
        </relationship>
        <relationship name="automatableProperties">
            <destination>{0b35b247-56bb-4065-9798-73ad653693f3}</destination>
        </relationship>
        <relationship name="markerTracks">
            <destination>{a3c5b30a-2002-446d-89ac-6bed278a0cf6}</destination>
        </relationship>
        <relationship name="timeline">
            <destination>{b3b291e1-9d7a-41c4-9aca-856fe303de09}</destination>
        </relationship>
        <relationship name="snapshotMasterTrack">
            <destination>{40b23582-a380-49eb-8e81-38c18006a79f}</destination>
        </relationship>
        <relationship name="snapshotProperties">
            <destination>{f1236fc4-3053-4a1c-a8a1-b8bd70022679}</destination>
            <destination>{ac38a6f5-f605-4bdb-8171-3280d1982727}</destination>
        </relationship>
        <relationship name="snapshotTracks">
            <destination>{1698d87b-4193-4c86-a34c-8e0a2918f3de}</destination>
            <destination>{26d260f3-22c3-492f-85b3-4d2eff083ac3}</destination>
        </relationship>
    </object>
    <object class="EventAutomatableProperties" id="{0b35b247-56bb-4065-9798-73ad653693f3}"/>
    <object class="MarkerTrack" id="{a3c5b30a-2002-446d-89ac-6bed278a0cf6}"/>
    <object class="Timeline" id="{b3b291e1-9d7a-41c4-9aca-856fe303de09}"/>
    <object class="SnapshotMasterTrack" id="{40b23582-a380-49eb-8e81-38c18006a79f}"/>
    <object class="SnapshotProperty" id="{f1236fc4-3053-4a1c-a8a1-b8bd70022679}">
        <property name="propertyName">
            <value>volume</value>
        </property>
        <property name="value">
            <value>-12</value>
        </property>
        <relationship name="automatableObject">
            <destination>{bc43e82f-8373-4a3c-b676-5ef48f674f2e}</destination>
        </relationship>
    </object>
    <object class="SnapshotProperty" id="{ac38a6f5-f605-4bdb-8171-3280d1982727}">
        <property name="propertyName">
            <value>volume</value>
        </property>
        <property name="value">
            <value>-12</value>
        </property>
        <relationship name="automatableObject">
            <destination>{15f0abc3-40c1-4812-b526-303e80fe2175}</destination>
        </relationship>
    </object>
    <object class="SnapshotTrack" id="{1698d87b-4193-4c86-a34c-8e0a2918f3de}">
        <relationship name="mixerStrip">
            <destination>{bc43e82f-8373-4a3c-b676-5ef48f674f2e}</destination>
        </relationship>
    </object>
    <object class="SnapshotTrack" id="{26d260f3-22c3-492f-85b3-4d2eff083ac3}">
        <relationship name="mixerStrip">
            <destination>{15f0abc3-40c1-4812-b526-303e80fe2175}</destination>
        </relationship>
    </object>
</objects>
