<?xml version="1.0" encoding="UTF-8"?>
<objects serializationModel="Studio.01.10.00">
    <object class="Snapshot" id="{859952f9-2a6f-47b2-855b-7fdc9678c9f4}">
        <property name="name">
            <value>game_10_cafe_computer_active</value>
        </property>
        <relationship name="mixer">
            <destination>{db79e933-20fe-4a59-9eb7-c846ebaf1cbe}</destination>
        </relationship>
        <relationship name="automatableProperties">
            <destination>{d3ef2f22-ff5c-4b99-8a83-82b2ad6b39bd}</destination>
        </relationship>
        <relationship name="markerTracks">
            <destination>{fd2e6ba6-37ef-4102-a9c9-fe4687b78de5}</destination>
        </relationship>
        <relationship name="timeline">
            <destination>{74fe5efc-cf20-410d-a9cf-b0060779f006}</destination>
        </relationship>
        <relationship name="snapshotMasterTrack">
            <destination>{c37b930d-dd9f-4e51-a756-3dfbb2157139}</destination>
        </relationship>
        <relationship name="snapshotProperties">
            <destination>{6b656098-4663-4381-bbcb-41bfb3b4308a}</destination>
            <destination>{e43dbe42-cae8-4331-bc35-34eb5100a944}</destination>
            <destination>{b28f45a7-d012-4b70-a60f-fa1e22baa132}</destination>
            <destination>{249c881e-523e-45cb-8c02-300c8e94e4aa}</destination>
            <destination>{8a9f44ca-110d-4500-9778-667abd627bb7}</destination>
            <destination>{69fcc8fd-a6c4-49fb-b764-c4cbb9f64aa0}</destination>
        </relationship>
        <relationship name="snapshotTracks">
            <destination>{39cfbc42-75b7-4c67-aab8-e00b0b30b61c}</destination>
            <destination>{d668ff29-3aaa-4986-8294-c41ee65ece76}</destination>
            <destination>{de89ac3f-a7fa-4b7f-9369-e35c9b146b67}</destination>
            <destination>{e82b27a6-5daf-48e4-bf9a-f1f94ccbd313}</destination>
            <destination>{c2dd6510-3ce0-4536-9200-39d200c9e384}</destination>
            <destination>{6ba85eb5-ca9a-423c-86a0-2f3cde5f08e4}</destination>
        </relationship>
    </object>
    <object class="EventAutomatableProperties" id="{d3ef2f22-ff5c-4b99-8a83-82b2ad6b39bd}"/>
    <object class="MarkerTrack" id="{fd2e6ba6-37ef-4102-a9c9-fe4687b78de5}"/>
    <object class="Timeline" id="{74fe5efc-cf20-410d-a9cf-b0060779f006}"/>
    <object class="SnapshotMasterTrack" id="{c37b930d-dd9f-4e51-a756-3dfbb2157139}"/>
    <object class="SnapshotProperty" id="{6b656098-4663-4381-bbcb-41bfb3b4308a}">
        <property name="propertyName">
            <value>volume</value>
        </property>
        <property name="value">
            <value>-80</value>
        </property>
        <relationship name="automatableObject">
            <destination>{05e910f2-4e6d-4f1d-a82d-014519b4667f}</destination>
        </relationship>
    </object>
    <object class="SnapshotProperty" id="{e43dbe42-cae8-4331-bc35-34eb5100a944}">
        <property name="propertyName">
            <value>volume</value>
        </property>
        <property name="value">
            <value>-80</value>
        </property>
        <relationship name="automatableObject">
            <destination>{ad993587-e7fc-427f-95b0-3a8204f772a7}</destination>
        </relationship>
    </object>
    <object class="SnapshotProperty" id="{b28f45a7-d012-4b70-a60f-fa1e22baa132}">
        <property name="propertyName">
            <value>volume</value>
        </property>
        <property name="value">
            <value>0</value>
        </property>
        <relationship name="automatableObject">
            <destination>{a40f9839-9900-436a-b1ab-566f86dfde57}</destination>
        </relationship>
    </object>
    <object class="SnapshotProperty" id="{249c881e-523e-45cb-8c02-300c8e94e4aa}">
        <property name="propertyName">
            <value>volume</value>
        </property>
        <property name="value">
            <value>0</value>
        </property>
        <relationship name="automatableObject">
            <destination>{33116628-46c3-4bfd-9ca6-a4a152fb9ef2}</destination>
        </relationship>
    </object>
    <object class="SnapshotProperty" id="{8a9f44ca-110d-4500-9778-667abd627bb7}">
        <property name="propertyName">
            <value>volume</value>
        </property>
        <property name="value">
            <value>-80</value>
        </property>
        <relationship name="automatableObject">
            <destination>{2677ced7-94e4-44e2-9f5a-74aaeda5ab63}</destination>
        </relationship>
    </object>
    <object class="SnapshotProperty" id="{69fcc8fd-a6c4-49fb-b764-c4cbb9f64aa0}">
        <property name="propertyName">
            <value>volume</value>
        </property>
        <property name="value">
            <value>-80</value>
        </property>
        <relationship name="automatableObject">
            <destination>{e4123d5a-7c10-4871-bbfb-72c4fd63f2ee}</destination>
        </relationship>
    </object>
    <object class="SnapshotTrack" id="{39cfbc42-75b7-4c67-aab8-e00b0b30b61c}">
        <relationship name="mixerStrip">
            <destination>{05e910f2-4e6d-4f1d-a82d-014519b4667f}</destination>
        </relationship>
    </object>
    <object class="SnapshotTrack" id="{d668ff29-3aaa-4986-8294-c41ee65ece76}">
        <relationship name="mixerStrip">
            <destination>{ad993587-e7fc-427f-95b0-3a8204f772a7}</destination>
        </relationship>
    </object>
    <object class="SnapshotTrack" id="{de89ac3f-a7fa-4b7f-9369-e35c9b146b67}">
        <relationship name="mixerStrip">
            <destination>{a40f9839-9900-436a-b1ab-566f86dfde57}</destination>
        </relationship>
    </object>
    <object class="SnapshotTrack" id="{e82b27a6-5daf-48e4-bf9a-f1f94ccbd313}">
        <relationship name="mixerStrip">
            <destination>{33116628-46c3-4bfd-9ca6-a4a152fb9ef2}</destination>
        </relationship>
    </object>
    <object class="SnapshotTrack" id="{c2dd6510-3ce0-4536-9200-39d200c9e384}">
        <relationship name="mixerStrip">
            <destination>{2677ced7-94e4-44e2-9f5a-74aaeda5ab63}</destination>
        </relationship>
    </object>
    <object class="SnapshotTrack" id="{6ba85eb5-ca9a-423c-86a0-2f3cde5f08e4}">
        <relationship name="mixerStrip">
            <destination>{e4123d5a-7c10-4871-bbfb-72c4fd63f2ee}</destination>
        </relationship>
    </object>
</objects>
