<?xml version="1.0" encoding="UTF-8"?>
<objects serializationModel="Studio.01.10.00">
    <object class="Snapshot" id="{8a7f5b1b-7f61-4772-bd14-7de5aafbd44a}">
        <property name="name">
            <value>game_00_verb</value>
        </property>
        <property name="outputFormat">
            <value>2</value>
        </property>
        <relationship name="mixer">
            <destination>{db79e933-20fe-4a59-9eb7-c846ebaf1cbe}</destination>
        </relationship>
        <relationship name="automatableProperties">
            <destination>{52480b30-37e1-434f-9d3d-fb55aaae0cbc}</destination>
        </relationship>
        <relationship name="markerTracks">
            <destination>{502120f9-dc4a-4374-bc28-91ba83bbf1fc}</destination>
        </relationship>
        <relationship name="timeline">
            <destination>{c4a86578-b93b-475a-821c-53478e5cf579}</destination>
        </relationship>
        <relationship name="snapshotMasterTrack">
            <destination>{e8f5ea93-8165-4e15-aa84-2fdefb5dca9c}</destination>
        </relationship>
        <relationship name="snapshotProperties">
            <destination>{fa93b8df-7bc8-4f10-a1f5-e0bf7545b2c3}</destination>
            <destination>{ffe6191c-b0db-4471-aa4a-9dc6c77d8e98}</destination>
        </relationship>
        <relationship name="snapshotTracks">
            <destination>{8d5bffd6-7c8f-4875-821d-7e9beabc6f60}</destination>
            <destination>{c119ca51-9335-4ea8-b30e-0e2b37e7b309}</destination>
        </relationship>
    </object>
    <object class="EventAutomatableProperties" id="{52480b30-37e1-434f-9d3d-fb55aaae0cbc}"/>
    <object class="MarkerTrack" id="{502120f9-dc4a-4374-bc28-91ba83bbf1fc}"/>
    <object class="Timeline" id="{c4a86578-b93b-475a-821c-53478e5cf579}"/>
    <object class="SnapshotMasterTrack" id="{e8f5ea93-8165-4e15-aa84-2fdefb5dca9c}"/>
    <object class="SnapshotProperty" id="{fa93b8df-7bc8-4f10-a1f5-e0bf7545b2c3}">
        <property name="propertyName">
            <value>level</value>
        </property>
        <property name="value">
            <value>-9</value>
        </property>
        <relationship name="automatableObject">
            <destination>{04a7c28a-d3a9-4cf7-a797-2a6d47e6181a}</destination>
        </relationship>
    </object>
    <object class="SnapshotProperty" id="{ffe6191c-b0db-4471-aa4a-9dc6c77d8e98}">
        <property name="propertyName">
            <value>level</value>
        </property>
        <property name="value">
            <value>-9</value>
        </property>
        <relationship name="automatableObject">
            <destination>{e50fd199-f557-42f2-8d52-08eb7e3d3b53}</destination>
        </relationship>
    </object>
    <object class="SnapshotTrack" id="{8d5bffd6-7c8f-4875-821d-7e9beabc6f60}">
        <relationship name="mixerStrip">
            <destination>{0dfbeb74-7020-4dfa-9cc8-fa85dd157aa1}</destination>
        </relationship>
    </object>
    <object class="SnapshotTrack" id="{c119ca51-9335-4ea8-b30e-0e2b37e7b309}">
        <relationship name="mixerStrip">
            <destination>{d3031014-2f55-4036-904a-070ba37ba6df}</destination>
        </relationship>
    </object>
</objects>
