<?xml version="1.0" encoding="UTF-8"?>
<objects serializationModel="Studio.01.10.00">
    <object class="Snapshot" id="{93cf42c4-26a2-4f75-bd42-8ad29455d171}">
        <property name="name">
            <value>boss_pitch_sfx</value>
        </property>
        <relationship name="mixer">
            <destination>{db79e933-20fe-4a59-9eb7-c846ebaf1cbe}</destination>
        </relationship>
        <relationship name="automatableProperties">
            <destination>{ccd8943d-a2c6-4fe9-bfb1-302f1ca4f695}</destination>
        </relationship>
        <relationship name="markerTracks">
            <destination>{a44ddafb-0f8c-43e9-8a36-72691d91680d}</destination>
        </relationship>
        <relationship name="timeline">
            <destination>{02a80ef6-d0e7-452d-b016-bdc649f2cdb2}</destination>
        </relationship>
        <relationship name="snapshotMasterTrack">
            <destination>{410d57c9-5f64-4826-b28d-d5ee8de3716f}</destination>
        </relationship>
        <relationship name="snapshotProperties">
            <destination>{63eb7037-3242-476e-8243-3f1c4bf80688}</destination>
        </relationship>
        <relationship name="snapshotTracks">
            <destination>{69444c04-182e-4da9-83c4-61bd5bad11cf}</destination>
        </relationship>
    </object>
    <object class="EventAutomatableProperties" id="{ccd8943d-a2c6-4fe9-bfb1-302f1ca4f695}"/>
    <object class="MarkerTrack" id="{a44ddafb-0f8c-43e9-8a36-72691d91680d}"/>
    <object class="Timeline" id="{02a80ef6-d0e7-452d-b016-bdc649f2cdb2}"/>
    <object class="SnapshotMasterTrack" id="{410d57c9-5f64-4826-b28d-d5ee8de3716f}"/>
    <object class="SnapshotProperty" id="{63eb7037-3242-476e-8243-3f1c4bf80688}">
        <property name="propertyName">
            <value>pitch</value>
        </property>
        <property name="value">
            <value>-9</value>
        </property>
        <relationship name="automatableObject">
            <destination>{aac396d1-a63f-418a-810a-5d5a59fb2c43}</destination>
        </relationship>
    </object>
    <object class="SnapshotTrack" id="{69444c04-182e-4da9-83c4-61bd5bad11cf}">
        <relationship name="mixerStrip">
            <destination>{aac396d1-a63f-418a-810a-5d5a59fb2c43}</destination>
        </relationship>
    </object>
</objects>
