<?xml version="1.0" encoding="UTF-8"?>
<objects serializationModel="Studio.01.10.00">
    <object class="Snapshot" id="{973c602d-8504-457b-853f-43107629197b}">
        <property name="name">
            <value>game_10_BIR_sfx</value>
        </property>
        <relationship name="mixer">
            <destination>{db79e933-20fe-4a59-9eb7-c846ebaf1cbe}</destination>
        </relationship>
        <relationship name="automatableProperties">
            <destination>{41270e92-feb1-49b0-9d9a-45404603ce14}</destination>
        </relationship>
        <relationship name="markerTracks">
            <destination>{7e95514b-38aa-49f5-831d-39d1f0395fb4}</destination>
        </relationship>
        <relationship name="timeline">
            <destination>{f8a135ba-5a4b-491c-b0ce-af96ecf5ae23}</destination>
        </relationship>
        <relationship name="snapshotMasterTrack">
            <destination>{9ea97a7d-1a44-4bf3-b3c2-e0a8c60b9263}</destination>
        </relationship>
        <relationship name="snapshotProperties">
            <destination>{169b97ea-ec40-4482-b5ed-37365cd786f5}</destination>
        </relationship>
        <relationship name="snapshotTracks">
            <destination>{fbbfd131-d2f3-4907-bd90-08e060748853}</destination>
        </relationship>
    </object>
    <object class="EventAutomatableProperties" id="{41270e92-feb1-49b0-9d9a-45404603ce14}"/>
    <object class="MarkerTrack" id="{7e95514b-38aa-49f5-831d-39d1f0395fb4}"/>
    <object class="Timeline" id="{f8a135ba-5a4b-491c-b0ce-af96ecf5ae23}"/>
    <object class="SnapshotMasterTrack" id="{9ea97a7d-1a44-4bf3-b3c2-e0a8c60b9263}"/>
    <object class="SnapshotProperty" id="{169b97ea-ec40-4482-b5ed-37365cd786f5}">
        <property name="propertyName">
            <value>volume</value>
        </property>
        <property name="value">
            <value>-6</value>
        </property>
        <relationship name="automatableObject">
            <destination>{aac396d1-a63f-418a-810a-5d5a59fb2c43}</destination>
        </relationship>
    </object>
    <object class="SnapshotTrack" id="{fbbfd131-d2f3-4907-bd90-08e060748853}">
        <relationship name="mixerStrip">
            <destination>{aac396d1-a63f-418a-810a-5d5a59fb2c43}</destination>
        </relationship>
    </object>
</objects>
