<?xml version="1.0" encoding="UTF-8"?>
<objects serializationModel="Studio.01.10.00">
    <object class="Snapshot" id="{97b29aac-da8d-4a14-9aa1-8fbdc80d4672}">
        <property name="name">
            <value>game_gen_large_berry_get</value>
        </property>
        <relationship name="mixer">
            <destination>{db79e933-20fe-4a59-9eb7-c846ebaf1cbe}</destination>
        </relationship>
        <relationship name="automatableProperties">
            <destination>{58f53282-af54-4f79-bfe0-8ea0e0b7d7b1}</destination>
        </relationship>
        <relationship name="markerTracks">
            <destination>{ffbdb4c4-e4d6-4e7c-84e2-5243640d242c}</destination>
        </relationship>
        <relationship name="timeline">
            <destination>{5ab3c8d6-6c6b-4559-9953-3f1696899c1d}</destination>
        </relationship>
        <relationship name="snapshotMasterTrack">
            <destination>{7af8e149-d423-4eb6-a44f-7807d6bdbb6b}</destination>
        </relationship>
        <relationship name="snapshotProperties">
            <destination>{5b13f97a-ab8e-44a0-a7f5-d4eafdc9f2f4}</destination>
            <destination>{8c72796c-1127-4840-bce5-412db6c4086b}</destination>
            <destination>{84e6424d-1a13-4113-aa5e-a47dbf99739b}</destination>
            <destination>{7b2370c0-1dd1-42f5-86d6-7b9e53e07d05}</destination>
        </relationship>
        <relationship name="snapshotTracks">
            <destination>{03060808-6c14-4994-b02c-5f5559a802f7}</destination>
            <destination>{6fc5ed29-d84b-41bc-af8e-9eb0514e7f73}</destination>
            <destination>{d8f8f774-da86-460e-ad8e-906015663c75}</destination>
            <destination>{13de13d2-c824-4051-a1ac-002dc6cf1624}</destination>
        </relationship>
    </object>
    <object class="EventAutomatableProperties" id="{58f53282-af54-4f79-bfe0-8ea0e0b7d7b1}"/>
    <object class="MarkerTrack" id="{ffbdb4c4-e4d6-4e7c-84e2-5243640d242c}"/>
    <object class="Timeline" id="{5ab3c8d6-6c6b-4559-9953-3f1696899c1d}"/>
    <object class="SnapshotMasterTrack" id="{7af8e149-d423-4eb6-a44f-7807d6bdbb6b}"/>
    <object class="SnapshotProperty" id="{5b13f97a-ab8e-44a0-a7f5-d4eafdc9f2f4}">
        <property name="propertyName">
            <value>volume</value>
        </property>
        <property name="value">
            <value>-80</value>
        </property>
        <relationship name="automatableObject">
            <destination>{2677ced7-94e4-44e2-9f5a-74aaeda5ab63}</destination>
        </relationship>
    </object>
    <object class="SnapshotProperty" id="{8c72796c-1127-4840-bce5-412db6c4086b}">
        <property name="propertyName">
            <value>volume</value>
        </property>
        <property name="value">
            <value>-80</value>
        </property>
        <relationship name="automatableObject">
            <destination>{d3031014-2f55-4036-904a-070ba37ba6df}</destination>
        </relationship>
    </object>
    <object class="SnapshotProperty" id="{84e6424d-1a13-4113-aa5e-a47dbf99739b}">
        <property name="propertyName">
            <value>volume</value>
        </property>
        <property name="value">
            <value>-80</value>
        </property>
        <relationship name="automatableObject">
            <destination>{0dfbeb74-7020-4dfa-9cc8-fa85dd157aa1}</destination>
        </relationship>
    </object>
    <object class="SnapshotProperty" id="{7b2370c0-1dd1-42f5-86d6-7b9e53e07d05}">
        <property name="propertyName">
            <value>volume</value>
        </property>
        <property name="value">
            <value>-80</value>
        </property>
        <relationship name="automatableObject">
            <destination>{c66382b2-56ff-461e-8062-7f881794db85}</destination>
        </relationship>
    </object>
    <object class="SnapshotTrack" id="{03060808-6c14-4994-b02c-5f5559a802f7}">
        <relationship name="mixerStrip">
            <destination>{2677ced7-94e4-44e2-9f5a-74aaeda5ab63}</destination>
        </relationship>
    </object>
    <object class="SnapshotTrack" id="{6fc5ed29-d84b-41bc-af8e-9eb0514e7f73}">
        <relationship name="mixerStrip">
            <destination>{d3031014-2f55-4036-904a-070ba37ba6df}</destination>
        </relationship>
    </object>
    <object class="SnapshotTrack" id="{d8f8f774-da86-460e-ad8e-906015663c75}">
        <relationship name="mixerStrip">
            <destination>{0dfbeb74-7020-4dfa-9cc8-fa85dd157aa1}</destination>
        </relationship>
    </object>
    <object class="SnapshotTrack" id="{13de13d2-c824-4051-a1ac-002dc6cf1624}">
        <relationship name="mixerStrip">
            <destination>{c66382b2-56ff-461e-8062-7f881794db85}</destination>
        </relationship>
    </object>
</objects>
