<?xml version="1.0" encoding="UTF-8"?>
<objects serializationModel="Studio.01.10.00">
    <object class="Snapshot" id="{9ae549ff-5ba1-4ec1-aec8-ee17190a2d08}">
        <property name="name">
            <value>game_10_granny_clouds_dialogue</value>
        </property>
        <relationship name="mixer">
            <destination>{db79e933-20fe-4a59-9eb7-c846ebaf1cbe}</destination>
        </relationship>
        <relationship name="automatableProperties">
            <destination>{070213fc-8d5e-4060-8627-6b471c22c6ef}</destination>
        </relationship>
        <relationship name="markerTracks">
            <destination>{3e61911b-f844-4d42-abe1-9e0e77769e55}</destination>
        </relationship>
        <relationship name="timeline">
            <destination>{00547186-3e46-4ec4-97e6-a48537df81d2}</destination>
        </relationship>
        <relationship name="snapshotMasterTrack">
            <destination>{e301388a-9ecf-4f11-971f-f9a534dd544b}</destination>
        </relationship>
        <relationship name="snapshotProperties">
            <destination>{cbd5a781-42a9-4059-ab3f-bb02819c9fe8}</destination>
            <destination>{5f48f79b-c346-4ff5-befe-dfea699b3dc7}</destination>
        </relationship>
        <relationship name="snapshotTracks">
            <destination>{5018c76e-cad4-4a6c-a0ee-fc4e3ecf2cc0}</destination>
            <destination>{e987cc98-f5cb-4f0e-a034-2e82a3bdaf27}</destination>
        </relationship>
    </object>
    <object class="EventAutomatableProperties" id="{070213fc-8d5e-4060-8627-6b471c22c6ef}">
        <relationship name="modulators">
            <destination>{3641ba1f-0f39-4984-a298-3886765441a1}</destination>
        </relationship>
    </object>
    <object class="MarkerTrack" id="{3e61911b-f844-4d42-abe1-9e0e77769e55}"/>
    <object class="Timeline" id="{00547186-3e46-4ec4-97e6-a48537df81d2}"/>
    <object class="SnapshotMasterTrack" id="{e301388a-9ecf-4f11-971f-f9a534dd544b}"/>
    <object class="SnapshotProperty" id="{cbd5a781-42a9-4059-ab3f-bb02819c9fe8}">
        <property name="propertyName">
            <value>level</value>
        </property>
        <property name="value">
            <value>0</value>
        </property>
        <relationship name="automatableObject">
            <destination>{2154fb6f-8d6e-44e3-8802-3307f8539dd6}</destination>
        </relationship>
    </object>
    <object class="SnapshotProperty" id="{5f48f79b-c346-4ff5-befe-dfea699b3dc7}">
        <property name="propertyName">
            <value>volume</value>
        </property>
        <property name="value">
            <value>0</value>
        </property>
        <relationship name="automatableObject">
            <destination>{eb29e2c4-d8fe-47ed-9d8a-490d0c656466}</destination>
        </relationship>
    </object>
    <object class="SnapshotTrack" id="{5018c76e-cad4-4a6c-a0ee-fc4e3ecf2cc0}">
        <relationship name="mixerStrip">
            <destination>{d3031014-2f55-4036-904a-070ba37ba6df}</destination>
        </relationship>
    </object>
    <object class="SnapshotTrack" id="{e987cc98-f5cb-4f0e-a034-2e82a3bdaf27}">
        <relationship name="mixerStrip">
            <destination>{eb29e2c4-d8fe-47ed-9d8a-490d0c656466}</destination>
        </relationship>
    </object>
    <object class="ADSRModulator" id="{3641ba1f-0f39-4984-a298-3886765441a1}">
        <property name="nameOfPropertyBeingModulated">
            <value>snapshotIntensity</value>
        </property>
        <property name="peakValue">
            <value>100</value>
        </property>
        <property name="sustainValue">
            <value>100</value>
        </property>
    </object>
</objects>
