<?xml version="1.0" encoding="UTF-8"?>
<objects serializationModel="Studio.01.10.00">
    <object class="Snapshot" id="{a7e8f688-585b-4660-a43e-60875c42921a}">
        <property name="name">
            <value>variant_speed_160</value>
        </property>
        <relationship name="mixer">
            <destination>{db79e933-20fe-4a59-9eb7-c846ebaf1cbe}</destination>
        </relationship>
        <relationship name="automatableProperties">
            <destination>{52f762de-46da-4cdf-9622-efe2e31078ca}</destination>
        </relationship>
        <relationship name="markerTracks">
            <destination>{5f3b8c5e-7f86-4ab7-ace0-a86becdf4fe4}</destination>
        </relationship>
        <relationship name="timeline">
            <destination>{3a36fcef-a6ac-4159-8eb8-2df6414b00ae}</destination>
        </relationship>
        <relationship name="snapshotMasterTrack">
            <destination>{340996d2-e131-4378-8b7e-690f9da1b35b}</destination>
        </relationship>
        <relationship name="snapshotProperties">
            <destination>{01021258-7438-4b75-a392-f4cdca3701ed}</destination>
        </relationship>
        <relationship name="snapshotTracks">
            <destination>{a47d5074-e246-41a0-9947-c91a629fcdde}</destination>
        </relationship>
    </object>
    <object class="EventAutomatableProperties" id="{52f762de-46da-4cdf-9622-efe2e31078ca}">
        <relationship name="modulators">
            <destination>{5b5dfafd-5970-4eba-917b-476b2d5032d7}</destination>
        </relationship>
    </object>
    <object class="MarkerTrack" id="{5f3b8c5e-7f86-4ab7-ace0-a86becdf4fe4}"/>
    <object class="Timeline" id="{3a36fcef-a6ac-4159-8eb8-2df6414b00ae}"/>
    <object class="SnapshotMasterTrack" id="{340996d2-e131-4378-8b7e-690f9da1b35b}"/>
    <object class="SnapshotProperty" id="{01021258-7438-4b75-a392-f4cdca3701ed}">
        <property name="propertyName">
            <value>pitch</value>
        </property>
        <property name="value">
            <value>8.14000034</value>
        </property>
        <relationship name="automatableObject">
            <destination>{aac396d1-a63f-418a-810a-5d5a59fb2c43}</destination>
        </relationship>
    </object>
    <object class="SnapshotTrack" id="{a47d5074-e246-41a0-9947-c91a629fcdde}">
        <relationship name="mixerStrip">
            <destination>{aac396d1-a63f-418a-810a-5d5a59fb2c43}</destination>
        </relationship>
    </object>
    <object class="ADSRModulator" id="{5b5dfafd-5970-4eba-917b-476b2d5032d7}">
        <property name="nameOfPropertyBeingModulated">
            <value>snapshotIntensity</value>
        </property>
        <property name="attackTime">
            <value>500</value>
        </property>
        <property name="peakValue">
            <value>100</value>
        </property>
        <property name="sustainValue">
            <value>100</value>
        </property>
        <property name="releaseTime">
            <value>500</value>
        </property>
    </object>
</objects>
