<?xml version="1.0" encoding="UTF-8"?>
<objects serializationModel="Studio.01.10.00">
    <object class="Snapshot" id="{a946aeab-8328-4a84-a58c-4e76700c32a8}">
        <property name="name">
            <value>env_worldmap_down</value>
        </property>
        <relationship name="mixer">
            <destination>{db79e933-20fe-4a59-9eb7-c846ebaf1cbe}</destination>
        </relationship>
        <relationship name="automatableProperties">
            <destination>{31bee477-90cb-4b05-b4d3-a4d73c880e66}</destination>
        </relationship>
        <relationship name="markerTracks">
            <destination>{9fe10175-d38a-4a22-9774-9599e5d1b66f}</destination>
        </relationship>
        <relationship name="timeline">
            <destination>{da7cac90-3e59-4299-b09a-781666b7cdd3}</destination>
        </relationship>
        <relationship name="snapshotMasterTrack">
            <destination>{eb7f7d50-5eaa-495a-8f77-387665cfb5fa}</destination>
        </relationship>
        <relationship name="snapshotProperties">
            <destination>{e79d1151-8d05-49da-94a8-06a4ec2f11b5}</destination>
        </relationship>
        <relationship name="snapshotTracks">
            <destination>{ad5fd346-b5fd-46bf-a46a-876e3ce973b9}</destination>
        </relationship>
    </object>
    <object class="EventAutomatableProperties" id="{31bee477-90cb-4b05-b4d3-a4d73c880e66}"/>
    <object class="MarkerTrack" id="{9fe10175-d38a-4a22-9774-9599e5d1b66f}"/>
    <object class="Timeline" id="{da7cac90-3e59-4299-b09a-781666b7cdd3}"/>
    <object class="SnapshotMasterTrack" id="{eb7f7d50-5eaa-495a-8f77-387665cfb5fa}"/>
    <object class="SnapshotProperty" id="{e79d1151-8d05-49da-94a8-06a4ec2f11b5}">
        <property name="propertyName">
            <value>volume</value>
        </property>
        <property name="value">
            <value>-80</value>
        </property>
        <relationship name="automatableObject">
            <destination>{520daa59-6d74-4eef-8d67-5c50d55bebd8}</destination>
        </relationship>
    </object>
    <object class="SnapshotTrack" id="{ad5fd346-b5fd-46bf-a46a-876e3ce973b9}">
        <relationship name="mixerStrip">
            <destination>{520daa59-6d74-4eef-8d67-5c50d55bebd8}</destination>
        </relationship>
    </object>
</objects>
