<?xml version="1.0" encoding="UTF-8"?>
<objects serializationModel="Studio.01.10.00">
    <object class="Snapshot" id="{ab9f20ac-e1fa-4ed7-9d7c-19ad254a2d28}">
        <property name="name">
            <value>assist_speed_60</value>
        </property>
        <relationship name="mixer">
            <destination>{db79e933-20fe-4a59-9eb7-c846ebaf1cbe}</destination>
        </relationship>
        <relationship name="automatableProperties">
            <destination>{d53a70e4-7f85-4fbc-af44-f92ec03cca13}</destination>
        </relationship>
        <relationship name="markerTracks">
            <destination>{b411f25c-f59f-40cb-b383-757c82bce80f}</destination>
        </relationship>
        <relationship name="timeline">
            <destination>{6c74603f-c462-4f8d-9f4c-c230e9b09460}</destination>
        </relationship>
        <relationship name="snapshotMasterTrack">
            <destination>{772511e1-16b5-472a-9446-8b21ab4616ac}</destination>
        </relationship>
        <relationship name="snapshotProperties">
            <destination>{d8ddb141-602c-48e8-afd1-3ec7a1fab106}</destination>
        </relationship>
        <relationship name="snapshotTracks">
            <destination>{0b02e055-ba22-4b54-9846-a52acc4c2979}</destination>
        </relationship>
    </object>
    <object class="EventAutomatableProperties" id="{d53a70e4-7f85-4fbc-af44-f92ec03cca13}">
        <relationship name="modulators">
            <destination>{b4bfd3cc-35d2-4e7e-b73a-21262d6505f4}</destination>
        </relationship>
    </object>
    <object class="MarkerTrack" id="{b411f25c-f59f-40cb-b383-757c82bce80f}"/>
    <object class="Timeline" id="{6c74603f-c462-4f8d-9f4c-c230e9b09460}"/>
    <object class="SnapshotMasterTrack" id="{772511e1-16b5-472a-9446-8b21ab4616ac}"/>
    <object class="SnapshotProperty" id="{d8ddb141-602c-48e8-afd1-3ec7a1fab106}">
        <property name="propertyName">
            <value>pitch</value>
        </property>
        <property name="value">
            <value>-8.84000015</value>
        </property>
        <relationship name="automatableObject">
            <destination>{aac396d1-a63f-418a-810a-5d5a59fb2c43}</destination>
        </relationship>
    </object>
    <object class="SnapshotTrack" id="{0b02e055-ba22-4b54-9846-a52acc4c2979}">
        <relationship name="mixerStrip">
            <destination>{aac396d1-a63f-418a-810a-5d5a59fb2c43}</destination>
        </relationship>
    </object>
    <object class="ADSRModulator" id="{b4bfd3cc-35d2-4e7e-b73a-21262d6505f4}">
        <property name="nameOfPropertyBeingModulated">
            <value>snapshotIntensity</value>
        </property>
        <property name="attackTime">
            <value>500</value>
        </property>
        <property name="peakValue">
            <value>100</value>
        </property>
        <property name="sustainValue">
            <value>100</value>
        </property>
        <property name="releaseTime">
            <value>500</value>
        </property>
    </object>
</objects>
