<?xml version="1.0" encoding="UTF-8"?>
<objects serializationModel="Studio.01.10.00">
    <object class="Snapshot" id="{b0d8db78-996f-45db-ba9e-85f1dcb6b3fd}">
        <property name="name">
            <value>game_10_BIR_music_part02</value>
        </property>
        <relationship name="mixer">
            <destination>{db79e933-20fe-4a59-9eb7-c846ebaf1cbe}</destination>
        </relationship>
        <relationship name="automatableProperties">
            <destination>{a7377ace-a0a6-4097-ac9d-54a589d85a98}</destination>
        </relationship>
        <relationship name="markerTracks">
            <destination>{6e329f0d-a671-4a75-962a-b5a7dbc86ada}</destination>
        </relationship>
        <relationship name="timeline">
            <destination>{32e06442-c83e-49df-a87a-853e821f59e5}</destination>
        </relationship>
        <relationship name="snapshotMasterTrack">
            <destination>{1c4decea-9f85-490c-a644-f98acf05716e}</destination>
        </relationship>
        <relationship name="snapshotProperties">
            <destination>{737063c4-5408-478e-946d-59f6a9da73b6}</destination>
        </relationship>
        <relationship name="snapshotTracks">
            <destination>{97019065-97a5-43a7-8faa-309eb56e2500}</destination>
        </relationship>
    </object>
    <object class="EventAutomatableProperties" id="{a7377ace-a0a6-4097-ac9d-54a589d85a98}"/>
    <object class="MarkerTrack" id="{6e329f0d-a671-4a75-962a-b5a7dbc86ada}"/>
    <object class="Timeline" id="{32e06442-c83e-49df-a87a-853e821f59e5}"/>
    <object class="SnapshotMasterTrack" id="{1c4decea-9f85-490c-a644-f98acf05716e}"/>
    <object class="SnapshotProperty" id="{737063c4-5408-478e-946d-59f6a9da73b6}">
        <property name="propertyName">
            <value>volume</value>
        </property>
        <property name="value">
            <value>10</value>
        </property>
        <relationship name="automatableObject">
            <destination>{b2c12b19-7dc1-4872-90da-653b17ebd258}</destination>
        </relationship>
    </object>
    <object class="SnapshotTrack" id="{97019065-97a5-43a7-8faa-309eb56e2500}">
        <relationship name="mixerStrip">
            <destination>{b2c12b19-7dc1-4872-90da-653b17ebd258}</destination>
        </relationship>
    </object>
</objects>
