<?xml version="1.0" encoding="UTF-8"?>
<objects serializationModel="Studio.01.10.00">
    <object class="Snapshot" id="{b3536257-a5f6-4424-92c2-c1b2dda22d72}">
        <property name="name">
            <value>mus_lvl1_verbtransition</value>
        </property>
        <property name="outputFormat">
            <value>2</value>
        </property>
        <relationship name="mixer">
            <destination>{db79e933-20fe-4a59-9eb7-c846ebaf1cbe}</destination>
        </relationship>
        <relationship name="automatableProperties">
            <destination>{d22acca2-b003-4fb1-85ea-7561dbf1a0d5}</destination>
        </relationship>
        <relationship name="markerTracks">
            <destination>{72bd3eec-7624-4ce5-9822-4414246ac5b8}</destination>
        </relationship>
        <relationship name="timeline">
            <destination>{62f5c324-13d4-4786-9c8c-10e9bfbe2cce}</destination>
        </relationship>
        <relationship name="snapshotMasterTrack">
            <destination>{26fcb5cf-80ff-4ad6-9a6f-93f020e228dc}</destination>
        </relationship>
        <relationship name="snapshotProperties">
            <destination>{6e76c48b-bbe6-4176-8d28-abad4bd2256c}</destination>
        </relationship>
        <relationship name="snapshotTracks">
            <destination>{e652d47c-908f-405b-b81a-9cb1f4d84948}</destination>
        </relationship>
    </object>
    <object class="EventAutomatableProperties" id="{d22acca2-b003-4fb1-85ea-7561dbf1a0d5}"/>
    <object class="MarkerTrack" id="{72bd3eec-7624-4ce5-9822-4414246ac5b8}"/>
    <object class="Timeline" id="{62f5c324-13d4-4786-9c8c-10e9bfbe2cce}"/>
    <object class="SnapshotMasterTrack" id="{26fcb5cf-80ff-4ad6-9a6f-93f020e228dc}"/>
    <object class="SnapshotProperty" id="{6e76c48b-bbe6-4176-8d28-abad4bd2256c}">
        <property name="propertyName">
            <value>volume</value>
        </property>
        <property name="value">
            <value>0</value>
        </property>
        <relationship name="automatableObject">
            <destination>{dc7b136f-f266-48a1-a0ce-34938c4da9be}</destination>
        </relationship>
    </object>
    <object class="SnapshotTrack" id="{e652d47c-908f-405b-b81a-9cb1f4d84948}">
        <relationship name="mixerStrip">
            <destination>{dc7b136f-f266-48a1-a0ce-34938c4da9be}</destination>
        </relationship>
    </object>
</objects>
