<?xml version="1.0" encoding="UTF-8"?>
<objects serializationModel="Studio.01.10.00">
    <object class="Snapshot" id="{bce88c97-680c-409d-8ebe-a1133d014d9b}">
        <property name="name">
            <value>music_secretrevealed</value>
        </property>
        <relationship name="mixer">
            <destination>{db79e933-20fe-4a59-9eb7-c846ebaf1cbe}</destination>
        </relationship>
        <relationship name="automatableProperties">
            <destination>{b7260adb-a89d-43d6-b57c-a09757c49fd5}</destination>
        </relationship>
        <relationship name="markerTracks">
            <destination>{90b2b210-8b2c-4a85-9e2b-8a24ab6991f6}</destination>
        </relationship>
        <relationship name="timeline">
            <destination>{9ff4e2c3-4bb1-49f9-b2d4-2ea8c07a821f}</destination>
        </relationship>
        <relationship name="snapshotMasterTrack">
            <destination>{5010cf0b-35a3-4b19-ad3b-ca8fc4c3e3e5}</destination>
        </relationship>
        <relationship name="snapshotProperties">
            <destination>{0b8ab647-ba74-4406-8753-18a5285b2f6f}</destination>
        </relationship>
        <relationship name="snapshotTracks">
            <destination>{6a331826-9d60-48b9-8dad-2225e3efdede}</destination>
            <destination>{31e17a2d-f081-403f-9f06-3adac242c430}</destination>
            <destination>{fe5f54d5-a718-4069-bced-f202c2bcc97a}</destination>
        </relationship>
    </object>
    <object class="EventAutomatableProperties" id="{b7260adb-a89d-43d6-b57c-a09757c49fd5}">
        <relationship name="modulators">
            <destination>{d3b50163-246c-485e-bb2a-8a0a1efa601e}</destination>
        </relationship>
    </object>
    <object class="MarkerTrack" id="{90b2b210-8b2c-4a85-9e2b-8a24ab6991f6}"/>
    <object class="Timeline" id="{9ff4e2c3-4bb1-49f9-b2d4-2ea8c07a821f}"/>
    <object class="SnapshotMasterTrack" id="{5010cf0b-35a3-4b19-ad3b-ca8fc4c3e3e5}"/>
    <object class="SnapshotProperty" id="{0b8ab647-ba74-4406-8753-18a5285b2f6f}">
        <property name="propertyName">
            <value>volume</value>
        </property>
        <property name="value">
            <value>-4</value>
        </property>
        <relationship name="automatableObject">
            <destination>{c66382b2-56ff-461e-8062-7f881794db85}</destination>
        </relationship>
    </object>
    <object class="SnapshotTrack" id="{6a331826-9d60-48b9-8dad-2225e3efdede}">
        <relationship name="mixerStrip">
            <destination>{7429d822-1e68-4251-9907-6d4e8d14a82e}</destination>
        </relationship>
    </object>
    <object class="SnapshotTrack" id="{31e17a2d-f081-403f-9f06-3adac242c430}">
        <relationship name="mixerStrip">
            <destination>{f81bdbae-62d5-467b-8f64-608c3c625282}</destination>
        </relationship>
    </object>
    <object class="SnapshotTrack" id="{fe5f54d5-a718-4069-bced-f202c2bcc97a}">
        <relationship name="mixerStrip">
            <destination>{c66382b2-56ff-461e-8062-7f881794db85}</destination>
        </relationship>
    </object>
    <object class="ADSRModulator" id="{d3b50163-246c-485e-bb2a-8a0a1efa601e}">
        <property name="nameOfPropertyBeingModulated">
            <value>snapshotIntensity</value>
        </property>
        <property name="attackTime">
            <value>0</value>
        </property>
        <property name="peakValue">
            <value>100</value>
        </property>
        <property name="sustainValue">
            <value>100</value>
        </property>
        <property name="releaseTime">
            <value>0</value>
        </property>
    </object>
</objects>
