<?xml version="1.0" encoding="UTF-8"?>
<objects serializationModel="Studio.01.10.00">
    <object class="Snapshot" id="{c2361c39-b90d-4bc4-b168-c4134201a468}">
        <property name="name">
            <value>dialogue_in_progress</value>
        </property>
        <relationship name="mixer">
            <destination>{db79e933-20fe-4a59-9eb7-c846ebaf1cbe}</destination>
        </relationship>
        <relationship name="automatableProperties">
            <destination>{754d7af3-e29b-4174-844d-66fd2914b671}</destination>
        </relationship>
        <relationship name="markerTracks">
            <destination>{edd06116-257b-41ed-8ebb-b6f3328a9a8d}</destination>
        </relationship>
        <relationship name="timeline">
            <destination>{08b57567-b6c9-457e-ba5f-828b6a0c4e27}</destination>
        </relationship>
        <relationship name="snapshotMasterTrack">
            <destination>{4978fa6b-5e33-49f9-a879-71d589964ed1}</destination>
        </relationship>
        <relationship name="snapshotProperties">
            <destination>{31a3c2c0-6a23-444b-bb70-14073f5d7b31}</destination>
            <destination>{fab3222c-528f-461b-bc2b-4eda5b1c9071}</destination>
            <destination>{c0f590b5-b85d-49eb-9844-c2861e917285}</destination>
            <destination>{9429df19-15a1-4931-a1fd-5f1721309fe8}</destination>
            <destination>{65f101b7-ad3f-41db-a814-c2fbfdf31de7}</destination>
            <destination>{fc72f324-0fe9-446d-8cb5-17a20ed3ed2f}</destination>
        </relationship>
        <relationship name="snapshotTracks">
            <destination>{875afdc1-77da-42cc-b3a3-c8773cd8892a}</destination>
            <destination>{c5ba4083-750c-4fda-b9f0-ea332de5ae70}</destination>
            <destination>{36850cec-02dc-4fa7-99d0-819c1819ef1d}</destination>
            <destination>{5a88395b-d71f-4fa3-a882-bf8d1cb975aa}</destination>
            <destination>{118778be-c97b-4b1c-b82f-e30e89984745}</destination>
            <destination>{2379dbef-6a9b-4dd1-8968-4359c6a1fe41}</destination>
        </relationship>
    </object>
    <object class="EventAutomatableProperties" id="{754d7af3-e29b-4174-844d-66fd2914b671}">
        <relationship name="modulators">
            <destination>{80c4d46d-7048-458a-9be2-faa085a25207}</destination>
        </relationship>
    </object>
    <object class="MarkerTrack" id="{edd06116-257b-41ed-8ebb-b6f3328a9a8d}"/>
    <object class="Timeline" id="{08b57567-b6c9-457e-ba5f-828b6a0c4e27}"/>
    <object class="SnapshotMasterTrack" id="{4978fa6b-5e33-49f9-a879-71d589964ed1}"/>
    <object class="SnapshotProperty" id="{31a3c2c0-6a23-444b-bb70-14073f5d7b31}">
        <property name="propertyName">
            <value>volume</value>
        </property>
        <property name="value">
            <value>-6</value>
        </property>
        <relationship name="automatableObject">
            <destination>{7429d822-1e68-4251-9907-6d4e8d14a82e}</destination>
        </relationship>
    </object>
    <object class="SnapshotProperty" id="{fab3222c-528f-461b-bc2b-4eda5b1c9071}">
        <property name="propertyName">
            <value>volume</value>
        </property>
        <property name="value">
            <value>-6</value>
        </property>
        <relationship name="automatableObject">
            <destination>{2677ced7-94e4-44e2-9f5a-74aaeda5ab63}</destination>
        </relationship>
    </object>
    <object class="SnapshotProperty" id="{c0f590b5-b85d-49eb-9844-c2861e917285}">
        <property name="propertyName">
            <value>volume</value>
        </property>
        <property name="value">
            <value>-6</value>
        </property>
        <relationship name="automatableObject">
            <destination>{f81bdbae-62d5-467b-8f64-608c3c625282}</destination>
        </relationship>
    </object>
    <object class="SnapshotProperty" id="{9429df19-15a1-4931-a1fd-5f1721309fe8}">
        <property name="propertyName">
            <value>volume</value>
        </property>
        <property name="value">
            <value>-6</value>
        </property>
        <relationship name="automatableObject">
            <destination>{33f0d1af-cd28-4272-a966-89189763d3c1}</destination>
        </relationship>
    </object>
    <object class="SnapshotProperty" id="{65f101b7-ad3f-41db-a814-c2fbfdf31de7}">
        <property name="propertyName">
            <value>volume</value>
        </property>
        <property name="value">
            <value>-8</value>
        </property>
        <relationship name="automatableObject">
            <destination>{8842a7ec-7a4c-432c-be20-64074839636d}</destination>
        </relationship>
    </object>
    <object class="SnapshotProperty" id="{fc72f324-0fe9-446d-8cb5-17a20ed3ed2f}">
        <property name="propertyName">
            <value>volume</value>
        </property>
        <property name="value">
            <value>-6</value>
        </property>
        <relationship name="automatableObject">
            <destination>{5e4eb968-5e09-4be0-bef0-76c2fc17b546}</destination>
        </relationship>
    </object>
    <object class="SnapshotTrack" id="{875afdc1-77da-42cc-b3a3-c8773cd8892a}">
        <relationship name="mixerStrip">
            <destination>{7429d822-1e68-4251-9907-6d4e8d14a82e}</destination>
        </relationship>
    </object>
    <object class="SnapshotTrack" id="{c5ba4083-750c-4fda-b9f0-ea332de5ae70}">
        <relationship name="mixerStrip">
            <destination>{2677ced7-94e4-44e2-9f5a-74aaeda5ab63}</destination>
        </relationship>
    </object>
    <object class="SnapshotTrack" id="{36850cec-02dc-4fa7-99d0-819c1819ef1d}">
        <relationship name="mixerStrip">
            <destination>{f81bdbae-62d5-467b-8f64-608c3c625282}</destination>
        </relationship>
    </object>
    <object class="SnapshotTrack" id="{5a88395b-d71f-4fa3-a882-bf8d1cb975aa}">
        <relationship name="mixerStrip">
            <destination>{33f0d1af-cd28-4272-a966-89189763d3c1}</destination>
        </relationship>
    </object>
    <object class="SnapshotTrack" id="{118778be-c97b-4b1c-b82f-e30e89984745}">
        <relationship name="mixerStrip">
            <destination>{8842a7ec-7a4c-432c-be20-64074839636d}</destination>
        </relationship>
    </object>
    <object class="SnapshotTrack" id="{2379dbef-6a9b-4dd1-8968-4359c6a1fe41}">
        <relationship name="mixerStrip">
            <destination>{5e4eb968-5e09-4be0-bef0-76c2fc17b546}</destination>
        </relationship>
    </object>
    <object class="ADSRModulator" id="{80c4d46d-7048-458a-9be2-faa085a25207}">
        <property name="nameOfPropertyBeingModulated">
            <value>snapshotIntensity</value>
        </property>
        <property name="attackTime">
            <value>660</value>
        </property>
        <property name="peakValue">
            <value>100</value>
        </property>
        <property name="sustainValue">
            <value>100</value>
        </property>
        <property name="releaseTime">
            <value>660</value>
        </property>
    </object>
</objects>
