<?xml version="1.0" encoding="UTF-8"?>
<objects serializationModel="Studio.01.10.00">
    <object class="Snapshot" id="{c6fa6b4e-5c95-4f3d-8616-385bc8e6f703}">
        <property name="name">
            <value>game_01_birdbros_finish</value>
        </property>
        <relationship name="mixer">
            <destination>{db79e933-20fe-4a59-9eb7-c846ebaf1cbe}</destination>
        </relationship>
        <relationship name="automatableProperties">
            <destination>{74a7ef1b-fd38-49da-8d93-4a6d0ca5b934}</destination>
        </relationship>
        <relationship name="markerTracks">
            <destination>{1a8a470f-1beb-487c-9bc4-0598038eb45c}</destination>
        </relationship>
        <relationship name="timeline">
            <destination>{721d1957-b810-450f-bda5-f6e1617b1b81}</destination>
        </relationship>
        <relationship name="snapshotMasterTrack">
            <destination>{d610335a-4ded-415c-b012-536cdf98e103}</destination>
        </relationship>
        <relationship name="snapshotProperties">
            <destination>{7c9516fe-ef20-4a74-9f4b-e75ea8a56a91}</destination>
            <destination>{34cb66b6-6a69-4a10-8f18-c19886b6f8d8}</destination>
            <destination>{a3d3e908-3003-4ba9-b9f8-f07702a3642b}</destination>
            <destination>{782754b1-e595-498e-8f3c-e406e602a4c4}</destination>
        </relationship>
        <relationship name="snapshotTracks">
            <destination>{54d0369f-9a67-4e84-8729-f2c5816417e5}</destination>
            <destination>{a0cf9daa-5883-4bf3-8b7d-470a44a65da3}</destination>
            <destination>{2a845da6-8132-4bc9-8ad2-e58253dcbdbe}</destination>
            <destination>{16dac49f-c7e0-4f7f-a557-51ebace13747}</destination>
        </relationship>
    </object>
    <object class="EventAutomatableProperties" id="{74a7ef1b-fd38-49da-8d93-4a6d0ca5b934}"/>
    <object class="MarkerTrack" id="{1a8a470f-1beb-487c-9bc4-0598038eb45c}"/>
    <object class="Timeline" id="{721d1957-b810-450f-bda5-f6e1617b1b81}"/>
    <object class="SnapshotMasterTrack" id="{d610335a-4ded-415c-b012-536cdf98e103}"/>
    <object class="SnapshotProperty" id="{7c9516fe-ef20-4a74-9f4b-e75ea8a56a91}">
        <property name="propertyName">
            <value>volume</value>
        </property>
        <property name="value">
            <value>-80</value>
        </property>
        <relationship name="automatableObject">
            <destination>{2ce9652c-a647-4e5d-b74a-b36ea60715d9}</destination>
        </relationship>
    </object>
    <object class="SnapshotProperty" id="{34cb66b6-6a69-4a10-8f18-c19886b6f8d8}">
        <property name="propertyName">
            <value>volume</value>
        </property>
        <property name="value">
            <value>-80</value>
        </property>
        <relationship name="automatableObject">
            <destination>{2677ced7-94e4-44e2-9f5a-74aaeda5ab63}</destination>
        </relationship>
    </object>
    <object class="SnapshotProperty" id="{a3d3e908-3003-4ba9-b9f8-f07702a3642b}">
        <property name="propertyName">
            <value>volume</value>
        </property>
        <property name="value">
            <value>-80</value>
        </property>
        <relationship name="automatableObject">
            <destination>{c66382b2-56ff-461e-8062-7f881794db85}</destination>
        </relationship>
    </object>
    <object class="SnapshotProperty" id="{782754b1-e595-498e-8f3c-e406e602a4c4}">
        <property name="propertyName">
            <value>volume</value>
        </property>
        <property name="value">
            <value>-80</value>
        </property>
        <relationship name="automatableObject">
            <destination>{34514772-f9f0-4a83-8fe7-2757c9206fe0}</destination>
        </relationship>
    </object>
    <object class="SnapshotTrack" id="{54d0369f-9a67-4e84-8729-f2c5816417e5}">
        <relationship name="mixerStrip">
            <destination>{2ce9652c-a647-4e5d-b74a-b36ea60715d9}</destination>
        </relationship>
    </object>
    <object class="SnapshotTrack" id="{a0cf9daa-5883-4bf3-8b7d-470a44a65da3}">
        <relationship name="mixerStrip">
            <destination>{2677ced7-94e4-44e2-9f5a-74aaeda5ab63}</destination>
        </relationship>
    </object>
    <object class="SnapshotTrack" id="{2a845da6-8132-4bc9-8ad2-e58253dcbdbe}">
        <relationship name="mixerStrip">
            <destination>{c66382b2-56ff-461e-8062-7f881794db85}</destination>
        </relationship>
    </object>
    <object class="SnapshotTrack" id="{16dac49f-c7e0-4f7f-a557-51ebace13747}">
        <relationship name="mixerStrip">
            <destination>{34514772-f9f0-4a83-8fe7-2757c9206fe0}</destination>
        </relationship>
    </object>
</objects>
