<?xml version="1.0" encoding="UTF-8"?>
<objects serializationModel="Studio.01.10.00">
    <object class="Snapshot" id="{d7f19e36-26eb-4630-a934-9f2f1924e3ee}">
        <property name="name">
            <value>1000s_down</value>
        </property>
        <relationship name="mixer">
            <destination>{db79e933-20fe-4a59-9eb7-c846ebaf1cbe}</destination>
        </relationship>
        <relationship name="automatableProperties">
            <destination>{ba73c34d-f1e0-4d00-bae4-293d64ec0f77}</destination>
        </relationship>
        <relationship name="markerTracks">
            <destination>{d75f351b-baf1-4d40-a02a-41cfa33c69cf}</destination>
        </relationship>
        <relationship name="timeline">
            <destination>{26e6d0c4-4c81-4cfb-abd8-509c0aff13e9}</destination>
        </relationship>
        <relationship name="snapshotMasterTrack">
            <destination>{911ae068-e37e-499c-8839-eece2337ae14}</destination>
        </relationship>
        <relationship name="snapshotProperties">
            <destination>{1b26ac59-5e94-4445-9abf-89a1eea64f8d}</destination>
        </relationship>
        <relationship name="snapshotTracks">
            <destination>{2e5ef6ed-ab80-4fe5-9279-374dcf8a08cb}</destination>
        </relationship>
    </object>
    <object class="EventAutomatableProperties" id="{ba73c34d-f1e0-4d00-bae4-293d64ec0f77}"/>
    <object class="MarkerTrack" id="{d75f351b-baf1-4d40-a02a-41cfa33c69cf}"/>
    <object class="Timeline" id="{26e6d0c4-4c81-4cfb-abd8-509c0aff13e9}"/>
    <object class="SnapshotMasterTrack" id="{911ae068-e37e-499c-8839-eece2337ae14}"/>
    <object class="SnapshotProperty" id="{1b26ac59-5e94-4445-9abf-89a1eea64f8d}">
        <property name="propertyName">
            <value>volume</value>
        </property>
        <property name="value">
            <value>-12</value>
        </property>
        <relationship name="automatableObject">
            <destination>{bc43e82f-8373-4a3c-b676-5ef48f674f2e}</destination>
        </relationship>
    </object>
    <object class="SnapshotTrack" id="{2e5ef6ed-ab80-4fe5-9279-374dcf8a08cb}">
        <relationship name="mixerStrip">
            <destination>{bc43e82f-8373-4a3c-b676-5ef48f674f2e}</destination>
        </relationship>
    </object>
</objects>
