<?xml version="1.0" encoding="UTF-8"?>
<objects serializationModel="Studio.01.10.00">
    <object class="Snapshot" id="{d8e12b32-0f5a-4897-8bde-7be2012a0924}">
        <property name="name">
            <value>game_03_oshirofreakout</value>
        </property>
        <relationship name="mixer">
            <destination>{db79e933-20fe-4a59-9eb7-c846ebaf1cbe}</destination>
        </relationship>
        <relationship name="automatableProperties">
            <destination>{757d6bb1-980f-43d0-bd8d-c8e8fe873b47}</destination>
        </relationship>
        <relationship name="markerTracks">
            <destination>{f9b48d73-ba16-4c0d-ad0f-88aafe87fe4a}</destination>
        </relationship>
        <relationship name="timeline">
            <destination>{85c8e5f8-8753-43c6-bc1e-dd7d2e5909d2}</destination>
        </relationship>
        <relationship name="snapshotMasterTrack">
            <destination>{c28d2c8d-3c94-46af-b3a6-2ba1fe0a7bcb}</destination>
        </relationship>
        <relationship name="snapshotProperties">
            <destination>{fa19cd6f-93dc-4fb2-ae92-3e6efc327221}</destination>
        </relationship>
        <relationship name="snapshotTracks">
            <destination>{c55199ab-48d7-434a-9977-743a4e59945c}</destination>
        </relationship>
    </object>
    <object class="EventAutomatableProperties" id="{757d6bb1-980f-43d0-bd8d-c8e8fe873b47}"/>
    <object class="MarkerTrack" id="{f9b48d73-ba16-4c0d-ad0f-88aafe87fe4a}"/>
    <object class="Timeline" id="{85c8e5f8-8753-43c6-bc1e-dd7d2e5909d2}"/>
    <object class="SnapshotMasterTrack" id="{c28d2c8d-3c94-46af-b3a6-2ba1fe0a7bcb}"/>
    <object class="SnapshotProperty" id="{fa19cd6f-93dc-4fb2-ae92-3e6efc327221}">
        <property name="propertyName">
            <value>frequencyA</value>
        </property>
        <property name="value">
            <value>277.844482</value>
        </property>
        <relationship name="automatableObject">
            <destination>{04580be1-3a5e-4932-bb3d-6274df207bf7}</destination>
        </relationship>
    </object>
    <object class="SnapshotTrack" id="{c55199ab-48d7-434a-9977-743a4e59945c}">
        <relationship name="mixerStrip">
            <destination>{dd297a42-ca69-42b2-8a75-81bc2c076773}</destination>
        </relationship>
    </object>
</objects>
