<?xml version="1.0" encoding="UTF-8"?>
<objects serializationModel="Studio.01.10.00">
    <object class="Snapshot" id="{da7d5bb5-c1ec-43df-a92c-a2986bcb978f}">
        <property name="name">
            <value>game_05_eyedeath</value>
        </property>
        <relationship name="mixer">
            <destination>{db79e933-20fe-4a59-9eb7-c846ebaf1cbe}</destination>
        </relationship>
        <relationship name="automatableProperties">
            <destination>{fd509f97-b05f-4180-a709-22d7c649f0be}</destination>
        </relationship>
        <relationship name="markerTracks">
            <destination>{5c1f473a-922a-4a55-bded-5dca4727435a}</destination>
        </relationship>
        <relationship name="timeline">
            <destination>{eb0a8d17-9ab8-422c-b8a3-dc31b11448cb}</destination>
        </relationship>
        <relationship name="snapshotMasterTrack">
            <destination>{3b5bb75b-06ed-442f-93ef-8d568ca54a9e}</destination>
        </relationship>
        <relationship name="snapshotProperties">
            <destination>{e01a80cb-59a5-4b33-8fe9-71a4a85436bd}</destination>
            <destination>{080b6000-abfa-4853-a20c-b0be82d66293}</destination>
            <destination>{7c08b000-031c-4f3f-ae79-a8565cd701bd}</destination>
        </relationship>
        <relationship name="snapshotTracks">
            <destination>{aaf294b9-ded0-4a7a-ad8c-a191b810f6f2}</destination>
            <destination>{6f73d132-a465-4297-b1dd-bafbd2bdca4d}</destination>
            <destination>{7fcfc3dd-8693-4dc1-ba87-b44cefcbfd2c}</destination>
        </relationship>
    </object>
    <object class="EventAutomatableProperties" id="{fd509f97-b05f-4180-a709-22d7c649f0be}"/>
    <object class="MarkerTrack" id="{5c1f473a-922a-4a55-bded-5dca4727435a}"/>
    <object class="Timeline" id="{eb0a8d17-9ab8-422c-b8a3-dc31b11448cb}"/>
    <object class="SnapshotMasterTrack" id="{3b5bb75b-06ed-442f-93ef-8d568ca54a9e}"/>
    <object class="SnapshotProperty" id="{e01a80cb-59a5-4b33-8fe9-71a4a85436bd}">
        <property name="propertyName">
            <value>volume</value>
        </property>
        <property name="value">
            <value>-80</value>
        </property>
        <relationship name="automatableObject">
            <destination>{8bd3048f-79b5-47bd-b697-ded53096b69a}</destination>
        </relationship>
    </object>
    <object class="SnapshotProperty" id="{080b6000-abfa-4853-a20c-b0be82d66293}">
        <property name="propertyName">
            <value>volume</value>
        </property>
        <property name="value">
            <value>-80</value>
        </property>
        <relationship name="automatableObject">
            <destination>{ea09e719-2d63-4cfa-90b1-7bc68aa0fb89}</destination>
        </relationship>
    </object>
    <object class="SnapshotProperty" id="{7c08b000-031c-4f3f-ae79-a8565cd701bd}">
        <property name="propertyName">
            <value>volume</value>
        </property>
        <property name="value">
            <value>-80</value>
        </property>
        <relationship name="automatableObject">
            <destination>{2677ced7-94e4-44e2-9f5a-74aaeda5ab63}</destination>
        </relationship>
    </object>
    <object class="SnapshotTrack" id="{aaf294b9-ded0-4a7a-ad8c-a191b810f6f2}">
        <relationship name="mixerStrip">
            <destination>{8bd3048f-79b5-47bd-b697-ded53096b69a}</destination>
        </relationship>
    </object>
    <object class="SnapshotTrack" id="{6f73d132-a465-4297-b1dd-bafbd2bdca4d}">
        <relationship name="mixerStrip">
            <destination>{ea09e719-2d63-4cfa-90b1-7bc68aa0fb89}</destination>
        </relationship>
    </object>
    <object class="SnapshotTrack" id="{7fcfc3dd-8693-4dc1-ba87-b44cefcbfd2c}">
        <relationship name="mixerStrip">
            <destination>{2677ced7-94e4-44e2-9f5a-74aaeda5ab63}</destination>
        </relationship>
    </object>
</objects>
