<?xml version="1.0" encoding="UTF-8"?>
<objects serializationModel="Studio.01.10.00">
    <object class="Snapshot" id="{df75cc48-86f4-4adf-91d7-d50d708f5c75}">
        <property name="name">
            <value>assist_speed_90</value>
        </property>
        <relationship name="mixer">
            <destination>{db79e933-20fe-4a59-9eb7-c846ebaf1cbe}</destination>
        </relationship>
        <relationship name="automatableProperties">
            <destination>{d93e9b6f-bcc5-4a9f-b942-4aae8c2679ff}</destination>
        </relationship>
        <relationship name="markerTracks">
            <destination>{3cb952be-0f27-431f-8555-a1955ba80f01}</destination>
        </relationship>
        <relationship name="timeline">
            <destination>{75ed19e3-afb6-438d-b03e-ac425be8073a}</destination>
        </relationship>
        <relationship name="snapshotMasterTrack">
            <destination>{8e7507e0-353c-4d90-9f08-037d36125dc6}</destination>
        </relationship>
        <relationship name="snapshotProperties">
            <destination>{5343125e-3832-43ac-8ef0-44fa4fb8b34d}</destination>
        </relationship>
        <relationship name="snapshotTracks">
            <destination>{eab353c0-c769-4160-8237-972d83abdfc9}</destination>
        </relationship>
    </object>
    <object class="EventAutomatableProperties" id="{d93e9b6f-bcc5-4a9f-b942-4aae8c2679ff}">
        <relationship name="modulators">
            <destination>{186858d7-b136-49d4-8a5b-a464e4e6c390}</destination>
        </relationship>
    </object>
    <object class="MarkerTrack" id="{3cb952be-0f27-431f-8555-a1955ba80f01}"/>
    <object class="Timeline" id="{75ed19e3-afb6-438d-b03e-ac425be8073a}"/>
    <object class="SnapshotMasterTrack" id="{8e7507e0-353c-4d90-9f08-037d36125dc6}"/>
    <object class="SnapshotProperty" id="{5343125e-3832-43ac-8ef0-44fa4fb8b34d}">
        <property name="propertyName">
            <value>pitch</value>
        </property>
        <property name="value">
            <value>-1.82000005</value>
        </property>
        <relationship name="automatableObject">
            <destination>{aac396d1-a63f-418a-810a-5d5a59fb2c43}</destination>
        </relationship>
    </object>
    <object class="SnapshotTrack" id="{eab353c0-c769-4160-8237-972d83abdfc9}">
        <relationship name="mixerStrip">
            <destination>{aac396d1-a63f-418a-810a-5d5a59fb2c43}</destination>
        </relationship>
    </object>
    <object class="ADSRModulator" id="{186858d7-b136-49d4-8a5b-a464e4e6c390}">
        <property name="nameOfPropertyBeingModulated">
            <value>snapshotIntensity</value>
        </property>
        <property name="attackTime">
            <value>500</value>
        </property>
        <property name="peakValue">
            <value>100</value>
        </property>
        <property name="sustainValue">
            <value>100</value>
        </property>
        <property name="releaseTime">
            <value>500</value>
        </property>
    </object>
</objects>
