<?xml version="1.0" encoding="UTF-8"?>
<objects serializationModel="Studio.01.10.00">
    <object class="Snapshot" id="{df897601-d549-4868-85a2-51ceca90b5df}">
        <property name="name">
            <value>game_10_final_boost</value>
        </property>
        <relationship name="mixer">
            <destination>{db79e933-20fe-4a59-9eb7-c846ebaf1cbe}</destination>
        </relationship>
        <relationship name="automatableProperties">
            <destination>{27e335a4-c3ad-48cc-abf6-9282850b3157}</destination>
        </relationship>
        <relationship name="markerTracks">
            <destination>{fb6555fb-0572-4221-925d-73779fd203d0}</destination>
        </relationship>
        <relationship name="timeline">
            <destination>{6f771f55-d261-4c24-838b-533b9e38fccc}</destination>
        </relationship>
        <relationship name="snapshotMasterTrack">
            <destination>{9313758e-073b-4bc7-bac9-56e73f4e9fc3}</destination>
        </relationship>
        <relationship name="snapshotProperties">
            <destination>{be59d299-391b-4f77-8e32-bef1cda09779}</destination>
            <destination>{7af428d6-c03b-40bd-b1ca-1249c1228d51}</destination>
            <destination>{7d671e00-acda-413e-84b0-12497a13f9d7}</destination>
            <destination>{e1700953-43e1-4364-ae4a-58bef6ce8b6e}</destination>
        </relationship>
        <relationship name="snapshotTracks">
            <destination>{349f98d7-6f2d-47ba-8a29-181d1aa3850a}</destination>
            <destination>{7b4db6be-44ee-4236-a85c-b958af885d28}</destination>
            <destination>{e76d7451-660e-41ac-9e04-1db138a579ff}</destination>
            <destination>{5976ceb2-dfec-43dc-8df2-5d92d51af074}</destination>
        </relationship>
    </object>
    <object class="EventAutomatableProperties" id="{27e335a4-c3ad-48cc-abf6-9282850b3157}"/>
    <object class="MarkerTrack" id="{fb6555fb-0572-4221-925d-73779fd203d0}"/>
    <object class="Timeline" id="{6f771f55-d261-4c24-838b-533b9e38fccc}"/>
    <object class="SnapshotMasterTrack" id="{9313758e-073b-4bc7-bac9-56e73f4e9fc3}"/>
    <object class="SnapshotProperty" id="{be59d299-391b-4f77-8e32-bef1cda09779}">
        <property name="propertyName">
            <value>volume</value>
        </property>
        <property name="value">
            <value>-80</value>
        </property>
        <relationship name="automatableObject">
            <destination>{2677ced7-94e4-44e2-9f5a-74aaeda5ab63}</destination>
        </relationship>
    </object>
    <object class="SnapshotProperty" id="{7af428d6-c03b-40bd-b1ca-1249c1228d51}">
        <property name="propertyName">
            <value>volume</value>
        </property>
        <property name="value">
            <value>-80</value>
        </property>
        <relationship name="automatableObject">
            <destination>{913b4578-2371-417d-a413-90806a14a9c8}</destination>
        </relationship>
    </object>
    <object class="SnapshotProperty" id="{7d671e00-acda-413e-84b0-12497a13f9d7}">
        <property name="propertyName">
            <value>volume</value>
        </property>
        <property name="value">
            <value>-80</value>
        </property>
        <relationship name="automatableObject">
            <destination>{80173d30-4942-4abb-81e7-999ad33a9c18}</destination>
        </relationship>
    </object>
    <object class="SnapshotProperty" id="{e1700953-43e1-4364-ae4a-58bef6ce8b6e}">
        <property name="propertyName">
            <value>volume</value>
        </property>
        <property name="value">
            <value>-80</value>
        </property>
        <relationship name="automatableObject">
            <destination>{598cd199-b5f0-49f5-ba6b-3a2f5ef1de25}</destination>
        </relationship>
    </object>
    <object class="SnapshotTrack" id="{349f98d7-6f2d-47ba-8a29-181d1aa3850a}">
        <relationship name="mixerStrip">
            <destination>{2677ced7-94e4-44e2-9f5a-74aaeda5ab63}</destination>
        </relationship>
    </object>
    <object class="SnapshotTrack" id="{7b4db6be-44ee-4236-a85c-b958af885d28}">
        <relationship name="mixerStrip">
            <destination>{913b4578-2371-417d-a413-90806a14a9c8}</destination>
        </relationship>
    </object>
    <object class="SnapshotTrack" id="{e76d7451-660e-41ac-9e04-1db138a579ff}">
        <relationship name="mixerStrip">
            <destination>{80173d30-4942-4abb-81e7-999ad33a9c18}</destination>
        </relationship>
    </object>
    <object class="SnapshotTrack" id="{5976ceb2-dfec-43dc-8df2-5d92d51af074}">
        <relationship name="mixerStrip">
            <destination>{598cd199-b5f0-49f5-ba6b-3a2f5ef1de25}</destination>
        </relationship>
    </object>
</objects>
