<?xml version="1.0" encoding="UTF-8"?>
<objects serializationModel="Studio.01.10.00">
    <object class="Snapshot" id="{e45a0ce7-66cd-46e7-87bd-f403fd07c6f4}">
        <property name="name">
            <value>pause_menu</value>
        </property>
        <property name="outputFormat">
            <value>2</value>
        </property>
        <relationship name="mixer">
            <destination>{db79e933-20fe-4a59-9eb7-c846ebaf1cbe}</destination>
        </relationship>
        <relationship name="automatableProperties">
            <destination>{0d7c27bd-3323-4f4e-9955-0c98fbef70fe}</destination>
        </relationship>
        <relationship name="markerTracks">
            <destination>{a05fb5f1-5ca8-40fd-a2a2-a38d4a30a1e8}</destination>
        </relationship>
        <relationship name="timeline">
            <destination>{e83347d0-e1bb-4e54-8b45-85c20bba2a53}</destination>
        </relationship>
        <relationship name="snapshotMasterTrack">
            <destination>{cc11a79f-9adc-454c-b46e-129fd741d965}</destination>
        </relationship>
        <relationship name="snapshotProperties">
            <destination>{e7e146c5-d037-4da8-80ec-39fa59ea1cad}</destination>
            <destination>{3ddd9763-566d-479c-a575-eec687720b66}</destination>
            <destination>{638cd71d-06e7-49ab-8535-0a2eaf336426}</destination>
            <destination>{3a8421b4-7860-458d-b1de-9e2248db4a13}</destination>
        </relationship>
        <relationship name="snapshotTracks">
            <destination>{befe2e71-6cac-4ad9-9fbd-291818134d71}</destination>
            <destination>{e9563964-40c5-4d94-aaa8-64f40d0a118f}</destination>
            <destination>{8f4a6460-bc82-483f-9d99-28a7736e13e8}</destination>
        </relationship>
    </object>
    <object class="EventAutomatableProperties" id="{0d7c27bd-3323-4f4e-9955-0c98fbef70fe}">
        <relationship name="modulators">
            <destination>{beb3db76-045d-4365-bba5-452b11bc3a58}</destination>
        </relationship>
    </object>
    <object class="MarkerTrack" id="{a05fb5f1-5ca8-40fd-a2a2-a38d4a30a1e8}"/>
    <object class="Timeline" id="{e83347d0-e1bb-4e54-8b45-85c20bba2a53}"/>
    <object class="SnapshotMasterTrack" id="{cc11a79f-9adc-454c-b46e-129fd741d965}"/>
    <object class="SnapshotProperty" id="{e7e146c5-d037-4da8-80ec-39fa59ea1cad}">
        <property name="propertyName">
            <value>cutoff</value>
        </property>
        <property name="value">
            <value>1200</value>
        </property>
        <relationship name="automatableObject">
            <destination>{1a498f09-35af-4a3a-8bea-2555e5422945}</destination>
        </relationship>
    </object>
    <object class="SnapshotProperty" id="{3ddd9763-566d-479c-a575-eec687720b66}">
        <property name="propertyName">
            <value>volume</value>
        </property>
        <property name="value">
            <value>-7.5999999</value>
        </property>
        <relationship name="automatableObject">
            <destination>{c66382b2-56ff-461e-8062-7f881794db85}</destination>
        </relationship>
    </object>
    <object class="SnapshotProperty" id="{638cd71d-06e7-49ab-8535-0a2eaf336426}">
        <property name="propertyName">
            <value>volume</value>
        </property>
        <property name="value">
            <value>-80</value>
        </property>
        <relationship name="automatableObject">
            <destination>{992ed3aa-96d9-4f83-ac2f-3af5ac4a32db}</destination>
        </relationship>
    </object>
    <object class="SnapshotProperty" id="{3a8421b4-7860-458d-b1de-9e2248db4a13}">
        <property name="propertyName">
            <value>volume</value>
        </property>
        <property name="value">
            <value>-80</value>
        </property>
        <relationship name="automatableObject">
            <destination>{5e4eb968-5e09-4be0-bef0-76c2fc17b546}</destination>
        </relationship>
    </object>
    <object class="SnapshotTrack" id="{befe2e71-6cac-4ad9-9fbd-291818134d71}">
        <relationship name="mixerStrip">
            <destination>{c66382b2-56ff-461e-8062-7f881794db85}</destination>
        </relationship>
    </object>
    <object class="SnapshotTrack" id="{e9563964-40c5-4d94-aaa8-64f40d0a118f}">
        <relationship name="mixerStrip">
            <destination>{992ed3aa-96d9-4f83-ac2f-3af5ac4a32db}</destination>
        </relationship>
    </object>
    <object class="SnapshotTrack" id="{8f4a6460-bc82-483f-9d99-28a7736e13e8}">
        <relationship name="mixerStrip">
            <destination>{5e4eb968-5e09-4be0-bef0-76c2fc17b546}</destination>
        </relationship>
    </object>
    <object class="ADSRModulator" id="{beb3db76-045d-4365-bba5-452b11bc3a58}">
        <property name="nameOfPropertyBeingModulated">
            <value>snapshotIntensity</value>
        </property>
        <property name="attackTime">
            <value>200</value>
        </property>
        <property name="peakValue">
            <value>100</value>
        </property>
        <property name="sustainValue">
            <value>100</value>
        </property>
        <property name="releaseTime">
            <value>200</value>
        </property>
    </object>
</objects>
