<?xml version="1.0" encoding="UTF-8"?>
<objects serializationModel="Studio.01.10.00">
    <object class="Snapshot" id="{f14989bf-0210-48f2-88ab-45fb0c662318}">
        <property name="name">
            <value>game_10_goldenroom_death_fix</value>
        </property>
        <relationship name="mixer">
            <destination>{db79e933-20fe-4a59-9eb7-c846ebaf1cbe}</destination>
        </relationship>
        <relationship name="automatableProperties">
            <destination>{e8514b3a-2892-4e52-a2c6-66ef2268b978}</destination>
        </relationship>
        <relationship name="markerTracks">
            <destination>{99a3eb33-b4fe-406a-aa3f-e6793013d660}</destination>
        </relationship>
        <relationship name="timeline">
            <destination>{14c8ac60-e637-4720-8d69-3b75d549826e}</destination>
        </relationship>
        <relationship name="snapshotMasterTrack">
            <destination>{5cf2f1a0-edce-4d58-9703-7123219fec38}</destination>
        </relationship>
        <relationship name="snapshotProperties">
            <destination>{759010d7-0037-4ed1-b886-31e3b895e2dc}</destination>
        </relationship>
        <relationship name="snapshotTracks">
            <destination>{0e002f6a-fbff-43ec-9f32-3f7547629e93}</destination>
        </relationship>
    </object>
    <object class="EventAutomatableProperties" id="{e8514b3a-2892-4e52-a2c6-66ef2268b978}"/>
    <object class="MarkerTrack" id="{99a3eb33-b4fe-406a-aa3f-e6793013d660}"/>
    <object class="Timeline" id="{14c8ac60-e637-4720-8d69-3b75d549826e}"/>
    <object class="SnapshotMasterTrack" id="{5cf2f1a0-edce-4d58-9703-7123219fec38}"/>
    <object class="SnapshotProperty" id="{759010d7-0037-4ed1-b886-31e3b895e2dc}">
        <property name="propertyName">
            <value>volume</value>
        </property>
        <property name="value">
            <value>-80</value>
        </property>
        <relationship name="automatableObject">
            <destination>{fad3f5c6-a940-4180-8133-53243e1a6eb3}</destination>
        </relationship>
    </object>
    <object class="SnapshotTrack" id="{0e002f6a-fbff-43ec-9f32-3f7547629e93}">
        <relationship name="mixerStrip">
            <destination>{fad3f5c6-a940-4180-8133-53243e1a6eb3}</destination>
        </relationship>
    </object>
</objects>
