<?xml version="1.0" encoding="UTF-8"?>
<objects serializationModel="Studio.01.10.00">
    <object class="Snapshot" id="{f2738ff2-989f-40bc-8421-a976ba8e49e2}">
        <property name="name">
            <value>game_05_eyedistance</value>
        </property>
        <relationship name="mixer">
            <destination>{db79e933-20fe-4a59-9eb7-c846ebaf1cbe}</destination>
        </relationship>
        <relationship name="automatableProperties">
            <destination>{bdb0a806-53b6-4f7d-842c-58f6a6dd4b6f}</destination>
        </relationship>
        <relationship name="markerTracks">
            <destination>{f146f9b8-0c10-47c3-ae76-d28770aca944}</destination>
        </relationship>
        <relationship name="timeline">
            <destination>{68ea55be-8843-41ca-bd69-f2b222408a30}</destination>
        </relationship>
        <relationship name="snapshotMasterTrack">
            <destination>{624078bd-f359-43cd-afa5-a8cfb571fd15}</destination>
        </relationship>
        <relationship name="snapshotProperties">
            <destination>{339ce386-005f-4573-a4c6-96b08a24e48b}</destination>
        </relationship>
        <relationship name="snapshotTracks">
            <destination>{ffcdc4ae-42be-4411-bc5b-4335005a147c}</destination>
        </relationship>
    </object>
    <object class="EventAutomatableProperties" id="{bdb0a806-53b6-4f7d-842c-58f6a6dd4b6f}"/>
    <object class="MarkerTrack" id="{f146f9b8-0c10-47c3-ae76-d28770aca944}"/>
    <object class="Timeline" id="{68ea55be-8843-41ca-bd69-f2b222408a30}"/>
    <object class="SnapshotMasterTrack" id="{624078bd-f359-43cd-afa5-a8cfb571fd15}"/>
    <object class="SnapshotProperty" id="{339ce386-005f-4573-a4c6-96b08a24e48b}">
        <property name="propertyName">
            <value>frequencyA</value>
        </property>
        <property name="value">
            <value>145</value>
        </property>
        <relationship name="automatableObject">
            <destination>{f3e68c95-0249-4423-b55c-9ff031de8836}</destination>
        </relationship>
    </object>
    <object class="SnapshotTrack" id="{ffcdc4ae-42be-4411-bc5b-4335005a147c}">
        <relationship name="mixerStrip">
            <destination>{d3031014-2f55-4036-904a-070ba37ba6df}</destination>
        </relationship>
    </object>
</objects>
