<?xml version="1.0" encoding="UTF-8"?>
<objects serializationModel="Studio.01.10.00">
    <object class="Snapshot" id="{feedddf6-0cfd-4e09-bd66-d1259261651e}">
        <property name="name">
            <value>assist_speed_80</value>
        </property>
        <relationship name="mixer">
            <destination>{db79e933-20fe-4a59-9eb7-c846ebaf1cbe}</destination>
        </relationship>
        <relationship name="automatableProperties">
            <destination>{32bb2aad-37e8-4f13-81b4-a7fc2feb9b51}</destination>
        </relationship>
        <relationship name="markerTracks">
            <destination>{3dc3ff39-da4f-447b-8bdd-f736a60ca3fc}</destination>
        </relationship>
        <relationship name="timeline">
            <destination>{3738b49c-4c6c-43f1-bf8e-1881113a5c38}</destination>
        </relationship>
        <relationship name="snapshotMasterTrack">
            <destination>{87763327-2fd8-435a-ad07-cc49d54a351e}</destination>
        </relationship>
        <relationship name="snapshotProperties">
            <destination>{f37cf35b-0eaf-4c8e-96f6-48bad733cdd1}</destination>
        </relationship>
        <relationship name="snapshotTracks">
            <destination>{2290a55a-2b03-446f-a68f-800fdaae9665}</destination>
        </relationship>
    </object>
    <object class="EventAutomatableProperties" id="{32bb2aad-37e8-4f13-81b4-a7fc2feb9b51}">
        <relationship name="modulators">
            <destination>{054f7e51-635a-4eca-a224-ce4bd62f2996}</destination>
        </relationship>
    </object>
    <object class="MarkerTrack" id="{3dc3ff39-da4f-447b-8bdd-f736a60ca3fc}"/>
    <object class="Timeline" id="{3738b49c-4c6c-43f1-bf8e-1881113a5c38}"/>
    <object class="SnapshotMasterTrack" id="{87763327-2fd8-435a-ad07-cc49d54a351e}"/>
    <object class="SnapshotProperty" id="{f37cf35b-0eaf-4c8e-96f6-48bad733cdd1}">
        <property name="propertyName">
            <value>pitch</value>
        </property>
        <property name="value">
            <value>-3.8599999</value>
        </property>
        <relationship name="automatableObject">
            <destination>{aac396d1-a63f-418a-810a-5d5a59fb2c43}</destination>
        </relationship>
    </object>
    <object class="SnapshotTrack" id="{2290a55a-2b03-446f-a68f-800fdaae9665}">
        <relationship name="mixerStrip">
            <destination>{aac396d1-a63f-418a-810a-5d5a59fb2c43}</destination>
        </relationship>
    </object>
    <object class="ADSRModulator" id="{054f7e51-635a-4eca-a224-ce4bd62f2996}">
        <property name="nameOfPropertyBeingModulated">
            <value>snapshotIntensity</value>
        </property>
        <property name="attackTime">
            <value>500</value>
        </property>
        <property name="peakValue">
            <value>100</value>
        </property>
        <property name="sustainValue">
            <value>100</value>
        </property>
        <property name="releaseTime">
            <value>500</value>
        </property>
    </object>
</objects>
