<?xml version="1.0" encoding="UTF-8"?>
<objects serializationModel="Studio.01.10.00">
    <object class="MixerReturn" id="{060010db-a9d6-41e0-b1fc-7af651b896b5}">
        <property name="name">
            <value>6000s</value>
        </property>
        <relationship name="effectChain">
            <destination>{b52c90c7-b392-44d4-bbd9-acb0cf954558}</destination>
        </relationship>
        <relationship name="panner">
            <destination>{d748e872-3963-457c-b3f2-adfcb77c42a5}</destination>
        </relationship>
        <relationship name="output">
            <destination>{db469001-f950-40b8-b411-2a1d327b3ce6}</destination>
        </relationship>
    </object>
    <object class="MixerBusEffectChain" id="{b52c90c7-b392-44d4-bbd9-acb0cf954558}">
        <relationship name="effects">
            <destination>{638fea9d-81eb-46fa-915e-63615e5d2bdf}</destination>
        </relationship>
    </object>
    <object class="MixerBusPanner" id="{d748e872-3963-457c-b3f2-adfcb77c42a5}"/>
    <object class="MixerBusFader" id="{638fea9d-81eb-46fa-915e-63615e5d2bdf}"/>
</objects>
