<?xml version="1.0" encoding="UTF-8"?>
<objects serializationModel="Studio.01.10.00">
    <object class="MixerReturn" id="{15f0abc3-40c1-4812-b526-303e80fe2175}">
        <property name="name">
            <value>2000s</value>
        </property>
        <relationship name="effectChain">
            <destination>{49ad0889-6654-4ed0-93f7-a132bd721698}</destination>
        </relationship>
        <relationship name="panner">
            <destination>{ddf83d39-6400-4e92-9b82-ac0f884d8acb}</destination>
        </relationship>
        <relationship name="output">
            <destination>{db469001-f950-40b8-b411-2a1d327b3ce6}</destination>
        </relationship>
    </object>
    <object class="MixerBusEffectChain" id="{49ad0889-6654-4ed0-93f7-a132bd721698}">
        <relationship name="effects">
            <destination>{bc8714f9-1cf3-44fd-8649-27634f64e0a2}</destination>
        </relationship>
    </object>
    <object class="MixerBusPanner" id="{ddf83d39-6400-4e92-9b82-ac0f884d8acb}"/>
    <object class="MixerBusFader" id="{bc8714f9-1cf3-44fd-8649-27634f64e0a2}"/>
</objects>
