<?xml version="1.0" encoding="UTF-8"?>
<objects serializationModel="Studio.01.10.00">
    <object class="MixerReturn" id="{1ff13d10-7ecd-46fd-9140-2e67c33c217e}">
        <property name="name">
            <value>cassette_previews</value>
        </property>
        <relationship name="effectChain">
            <destination>{6f314453-96e0-4370-ab28-ee0f93bb07fc}</destination>
        </relationship>
        <relationship name="panner">
            <destination>{37bbbe67-3065-412f-b436-0ef721e4d1db}</destination>
        </relationship>
        <relationship name="output">
            <destination>{035161f3-528e-4896-9238-683d2f3d60f1}</destination>
        </relationship>
    </object>
    <object class="MixerBusEffectChain" id="{6f314453-96e0-4370-ab28-ee0f93bb07fc}">
        <relationship name="effects">
            <destination>{304fb680-b411-4b75-bf8c-c99b37e9cb96}</destination>
        </relationship>
    </object>
    <object class="MixerBusPanner" id="{37bbbe67-3065-412f-b436-0ef721e4d1db}"/>
    <object class="MixerBusFader" id="{304fb680-b411-4b75-bf8c-c99b37e9cb96}"/>
</objects>
