<?xml version="1.0" encoding="UTF-8"?>
<objects serializationModel="Studio.01.10.00">
    <object class="MixerReturn" id="{2a8fc7b0-907d-46dc-919a-225a1258ebb8}">
        <property name="name">
            <value>5000s</value>
        </property>
        <relationship name="effectChain">
            <destination>{f5c98930-83f7-442c-957b-9fdf8aa8517b}</destination>
        </relationship>
        <relationship name="panner">
            <destination>{d64a3bce-2cda-4d86-901a-73323235ef58}</destination>
        </relationship>
        <relationship name="output">
            <destination>{db469001-f950-40b8-b411-2a1d327b3ce6}</destination>
        </relationship>
    </object>
    <object class="MixerBusEffectChain" id="{f5c98930-83f7-442c-957b-9fdf8aa8517b}">
        <relationship name="effects">
            <destination>{45fd712a-e80f-4bfe-a605-b0467a908c8a}</destination>
        </relationship>
    </object>
    <object class="MixerBusPanner" id="{d64a3bce-2cda-4d86-901a-73323235ef58}"/>
    <object class="MixerBusFader" id="{45fd712a-e80f-4bfe-a605-b0467a908c8a}"/>
</objects>
