<?xml version="1.0" encoding="UTF-8"?>
<objects serializationModel="Studio.01.10.00">
    <object class="MixerReturn" id="{5e4eb968-5e09-4be0-bef0-76c2fc17b546}">
        <property name="name">
            <value>cassette_room_cymbals</value>
        </property>
        <relationship name="effectChain">
            <destination>{cc3a292a-6935-4240-a13b-8503d23108d4}</destination>
        </relationship>
        <relationship name="panner">
            <destination>{bf842fad-ef8c-4a36-b288-795394697381}</destination>
        </relationship>
        <relationship name="output">
            <destination>{2219f267-26c7-4a3c-bc90-148c7cb385c9}</destination>
        </relationship>
    </object>
    <object class="MixerBusEffectChain" id="{cc3a292a-6935-4240-a13b-8503d23108d4}">
        <relationship name="effects">
            <destination>{d661a3a0-ccd1-492a-b66f-9c6e4ba76921}</destination>
        </relationship>
    </object>
    <object class="MixerBusPanner" id="{bf842fad-ef8c-4a36-b288-795394697381}"/>
    <object class="MixerBusFader" id="{d661a3a0-ccd1-492a-b66f-9c6e4ba76921}"/>
</objects>
