<?xml version="1.0" encoding="UTF-8"?>
<objects serializationModel="Studio.01.10.00">
    <object class="MixerReturn" id="{74728fec-f0ab-42ad-aeb9-03d95a119e42}">
        <property name="volume">
            <value>-3</value>
        </property>
        <property name="overridingInputFormat">
            <value>1</value>
        </property>
        <property name="inputFormatOverridden">
            <value>true</value>
        </property>
        <property name="name">
            <value>prologue_verb</value>
        </property>
        <relationship name="effectChain">
            <destination>{83813471-db21-4d37-94e5-66da3ae74749}</destination>
        </relationship>
        <relationship name="panner">
            <destination>{8d5fee8b-3612-485b-badd-85b658ae7b97}</destination>
        </relationship>
        <relationship name="output">
            <destination>{aac396d1-a63f-418a-810a-5d5a59fb2c43}</destination>
        </relationship>
    </object>
    <object class="MixerBusEffectChain" id="{83813471-db21-4d37-94e5-66da3ae74749}">
        <relationship name="effects">
            <destination>{d528eb56-14da-42cd-b111-1d5f89ce3ce3}</destination>
            <destination>{94a00ee6-90e7-454f-88ab-b59d84dd3d02}</destination>
            <destination>{aa42dfc1-f786-4374-9a9c-254c71f098bb}</destination>
        </relationship>
    </object>
    <object class="MixerBusPanner" id="{8d5fee8b-3612-485b-badd-85b658ae7b97}">
        <property name="overridingOutputFormat">
            <value>1</value>
        </property>
        <property name="outputFormatOverridden">
            <value>true</value>
        </property>
    </object>
    <object class="MixerBusFader" id="{d528eb56-14da-42cd-b111-1d5f89ce3ce3}"/>
    <object class="DelayEffect" id="{94a00ee6-90e7-454f-88ab-b59d84dd3d02}">
        <property name="delay">
            <value>240</value>
        </property>
        <property name="feedback">
            <value>19.5</value>
        </property>
        <property name="level">
            <value>-8.5</value>
        </property>
        <property name="dryLevel">
            <value>-9</value>
        </property>
    </object>
    <object class="SFXReverbEffect" id="{aa42dfc1-f786-4374-9a9c-254c71f098bb}">
        <property name="decayTime">
            <value>2900</value>
        </property>
        <property name="earlyDelay">
            <value>15</value>
        </property>
        <property name="lateDelay">
            <value>22</value>
        </property>
        <property name="HFDecayRatio">
            <value>100</value>
        </property>
        <property name="highCut">
            <value>20000</value>
        </property>
        <property name="earlyLateMix">
            <value>59</value>
        </property>
        <property name="wetLevel">
            <value>-11.3000002</value>
        </property>
        <property name="dryLevel">
            <value>-80</value>
        </property>
    </object>
</objects>
