<?xml version="1.0" encoding="UTF-8"?>
<objects serializationModel="Studio.01.10.00">
    <object class="MixerReturn" id="{8abc7179-c5ff-48ff-85fd-73ba46b14ed3}">
        <property name="volume">
            <value>-19.8000011</value>
        </property>
        <property name="name">
            <value>pico8_mus_verb</value>
        </property>
        <relationship name="effectChain">
            <destination>{72ed4377-7e69-443c-bd9c-22633ab7a021}</destination>
        </relationship>
        <relationship name="panner">
            <destination>{05712aa9-0f61-4a28-8241-ed066e337277}</destination>
        </relationship>
        <relationship name="output">
            <destination>{035161f3-528e-4896-9238-683d2f3d60f1}</destination>
        </relationship>
    </object>
    <object class="MixerBusEffectChain" id="{72ed4377-7e69-443c-bd9c-22633ab7a021}">
        <relationship name="effects">
            <destination>{eadfa2fa-6202-425c-bfb7-54adaf71f166}</destination>
            <destination>{4539cf77-50a2-4f28-9bf4-38bfd3b8ac4c}</destination>
        </relationship>
    </object>
    <object class="MixerBusPanner" id="{05712aa9-0f61-4a28-8241-ed066e337277}"/>
    <object class="MixerBusFader" id="{eadfa2fa-6202-425c-bfb7-54adaf71f166}"/>
    <object class="SFXReverbEffect" id="{4539cf77-50a2-4f28-9bf4-38bfd3b8ac4c}">
        <property name="decayTime">
            <value>2300</value>
        </property>
        <property name="earlyDelay">
            <value>12</value>
        </property>
        <property name="lateDelay">
            <value>17</value>
        </property>
        <property name="HFDecayRatio">
            <value>64</value>
        </property>
        <property name="highCut">
            <value>7800</value>
        </property>
        <property name="earlyLateMix">
            <value>71</value>
        </property>
        <property name="wetLevel">
            <value>-8.5</value>
        </property>
        <property name="dryLevel">
            <value>-80</value>
        </property>
    </object>
</objects>
