<?xml version="1.0" encoding="UTF-8"?>
<objects serializationModel="Studio.01.10.00">
    <object class="MixerReturn" id="{992ed3aa-96d9-4f83-ac2f-3af5ac4a32db}">
        <property name="name">
            <value>10_space_remembered</value>
        </property>
        <relationship name="effectChain">
            <destination>{d775e7b0-71c5-4c9c-83c2-48cbd67aa32a}</destination>
        </relationship>
        <relationship name="panner">
            <destination>{7416ff08-3886-471c-a8ba-b5474011dafc}</destination>
        </relationship>
        <relationship name="output">
            <destination>{a98d0a0f-3a46-4300-b387-c39f0db5d47e}</destination>
        </relationship>
    </object>
    <object class="MixerBusEffectChain" id="{d775e7b0-71c5-4c9c-83c2-48cbd67aa32a}">
        <relationship name="effects">
            <destination>{f5bee764-4d39-4fac-9119-574f02a39004}</destination>
        </relationship>
    </object>
    <object class="MixerBusPanner" id="{7416ff08-3886-471c-a8ba-b5474011dafc}"/>
    <object class="MixerBusFader" id="{f5bee764-4d39-4fac-9119-574f02a39004}"/>
</objects>
