<?xml version="1.0" encoding="UTF-8"?>
<objects serializationModel="Studio.01.10.00">
    <object class="MixerReturn" id="{affd9e52-b032-49cb-acd6-4221f642f2e6}">
        <property name="name">
            <value>3000s</value>
        </property>
        <relationship name="effectChain">
            <destination>{000e1f60-bf0d-425f-8569-50999ff1015e}</destination>
        </relationship>
        <relationship name="panner">
            <destination>{b935ba77-7ec2-4564-8bbd-6841e45b7329}</destination>
        </relationship>
        <relationship name="output">
            <destination>{db469001-f950-40b8-b411-2a1d327b3ce6}</destination>
        </relationship>
    </object>
    <object class="MixerBusEffectChain" id="{000e1f60-bf0d-425f-8569-50999ff1015e}">
        <relationship name="effects">
            <destination>{f61b3601-ac8e-4119-a428-04f627bb964c}</destination>
        </relationship>
    </object>
    <object class="MixerBusPanner" id="{b935ba77-7ec2-4564-8bbd-6841e45b7329}"/>
    <object class="MixerBusFader" id="{f61b3601-ac8e-4119-a428-04f627bb964c}"/>
</objects>
