<?xml version="1.0" encoding="UTF-8"?>
<objects serializationModel="Studio.01.10.00">
    <object class="MixerReturn" id="{bc43e82f-8373-4a3c-b676-5ef48f674f2e}">
        <property name="name">
            <value>1000s</value>
        </property>
        <relationship name="effectChain">
            <destination>{419bd938-5e2e-4196-8cd4-82496c3048de}</destination>
        </relationship>
        <relationship name="panner">
            <destination>{33785cd8-2501-4055-a996-aece456db12e}</destination>
        </relationship>
        <relationship name="output">
            <destination>{db469001-f950-40b8-b411-2a1d327b3ce6}</destination>
        </relationship>
    </object>
    <object class="MixerBusEffectChain" id="{419bd938-5e2e-4196-8cd4-82496c3048de}">
        <relationship name="effects">
            <destination>{1f501f23-87bb-4651-bf78-4f3f70749949}</destination>
        </relationship>
    </object>
    <object class="MixerBusPanner" id="{33785cd8-2501-4055-a996-aece456db12e}"/>
    <object class="MixerBusFader" id="{1f501f23-87bb-4651-bf78-4f3f70749949}"/>
</objects>
