<?xml version="1.0" encoding="UTF-8"?>
<objects serializationModel="Studio.01.10.00">
    <object class="MixerReturn" id="{d10b0171-eaf7-4c53-9d55-d05d1bc34e03}">
        <property name="volume">
            <value>-80</value>
        </property>
        <property name="name">
            <value>torch_arp</value>
        </property>
        <relationship name="effectChain">
            <destination>{d0cb160f-cce2-40ce-aaeb-c4da96c0c40c}</destination>
        </relationship>
        <relationship name="panner">
            <destination>{82ebaa10-c336-4765-8aa0-8c221fb04892}</destination>
        </relationship>
        <relationship name="output">
            <destination>{2d452462-5099-4832-9c7b-6244168969f8}</destination>
        </relationship>
    </object>
    <object class="MixerBusEffectChain" id="{d0cb160f-cce2-40ce-aaeb-c4da96c0c40c}">
        <relationship name="effects">
            <destination>{95783d72-b1fa-490a-9de4-b475953b1826}</destination>
        </relationship>
    </object>
    <object class="MixerBusPanner" id="{82ebaa10-c336-4765-8aa0-8c221fb04892}"/>
    <object class="MixerBusFader" id="{95783d72-b1fa-490a-9de4-b475953b1826}"/>
</objects>
