<?xml version="1.0" encoding="UTF-8"?>
<objects serializationModel="Studio.01.10.00">
    <object class="MixerReturn" id="{ebd67fc6-0745-4b6e-afa8-2fa389df52e1}">
        <property name="name">
            <value>4000s</value>
        </property>
        <relationship name="effectChain">
            <destination>{45bea97f-20c6-450f-a392-a648eb98cc37}</destination>
        </relationship>
        <relationship name="panner">
            <destination>{1a52575e-61ed-4f9a-ba67-388b2bae665d}</destination>
        </relationship>
        <relationship name="output">
            <destination>{db469001-f950-40b8-b411-2a1d327b3ce6}</destination>
        </relationship>
    </object>
    <object class="MixerBusEffectChain" id="{45bea97f-20c6-450f-a392-a648eb98cc37}">
        <relationship name="effects">
            <destination>{12c0e252-3d43-4d5b-a2c5-814f9606450f}</destination>
        </relationship>
    </object>
    <object class="MixerBusPanner" id="{1a52575e-61ed-4f9a-ba67-388b2bae665d}"/>
    <object class="MixerBusFader" id="{12c0e252-3d43-4d5b-a2c5-814f9606450f}"/>
</objects>
